dollars_pledged,campaign_duration
20,30
1497,30
8795,30
2,35
230,37
9316,45
161,30
0,30
306,30
111,20
405,30
101,30
2,60
2525,30
1525,30
1494,30
3667.13,16
5847,30
425,60
1,30
1488,25
20,51
1026,30
1401,30
12545,30
30,60
1651,30
6419,40
0,30
0,30
281,45
4001,45
185,28
0,30
281,30
8086,30
1254,30
0,30
9071,30
5276.01,35
4268,33
45026,40
7071,60
242014,46
912,30
26206,21
10604,30
30,30
6000,40
310,30
5117,26
978,45
0,14
2470,30
5475,60
4373,50
306,45
2246,44
300,30
2880,14
1752,30
8046,24
0,30
57,42
870,30
1592,14
668,60
0,30
4063,24
2345,43
206,60
2500,30
1,30
75064.49,30
5,46
2587.11,30
0,30
2251,30
61,9
0,22
9170,40
711,32
31376,37
2245,30
1979,30
5816,31
20,60
9,35
1620,26
0,30
1486,47
2225,35
174010.09,30
1028,35
1643,30
4229,23
12080,90
225,30
50,59
30,30
3260,28
10,30
0,30
170,50
80,30
150,40
20,10
7800,30
734.5,60
1000,48
2685,45
26936.4,30
0,60
0,30
0,21
0,30
4587,8
0,30
5001,30
2046,30
5316,30
2751,39
26,15
1,30
0,45
0,30
0,45
5558,51
0,60
2512,32
0,15
25,40
4736,24
10538.02,35
500,60
3221,30
755,21
6,40
100,45
5465.02,47
0,30
0,30
2556,60
443.25,30
25815,31
586,27
3577,30
0,30
25201,30
5,21
2295,15
11722,29
35987,43
489,25
0,7
5226,21
10694.67,41
801,30
0,30
1075,24
55,24
236,30
1310,56
66,11
0,27
31776,30
270,21
81,30
345,30
740,31
25648,30
1681,28
8141,30
25751,45
451,30
20142.18,30
136,60
3582.45,35
0,30
110,30
30,10
3175,33
0,60
2342,60
17176.12,30
260,30
2510,30
201,45
7184,45
0,30
0,30
813,30
8567.77,90
1603,30
4080,20
6504.01,31
120,60
0,30
738,30
25,30
260,45
10652.42,35
0,30
22064,30
20731.33,35
424615,31
241,30
4343,30
25,14
457,15
2587,30
9000,60
61422.7,35
2879.66,30
21,30
2500,7
50,86
5621,38
14450,60
0,21
37994.34,27
815,30
62.66,60
196,30
0,30
365,30
9666,30
11,60
311,30
1056,18
6347,30
1323,11
24,15
4361,31
4052,30
21,30
5656,15
6190,30
40,30
270,30
83,30
0,6
725,30
806,24
5260,30
1525,82
62367,40
100,30
70,30
10121.73,34
1010,46
0,30
9,30
4081,30
0,30
0,60
4280.66,59
780,19
1170,30
64,30
0,29
52,30
107,60
0,40
0,59
1505,30
10,14
4542,60
4737.99,45
883460.8,42
180,21
112476.44,40
3015,30
50,30
225,30
0,30
0,30
4228,30
0,55
1438,34
830,30
28109,30
5275,42
1,60
7010,30
1,30
868,18
10,45
135,30
864,30
16837,30
1228,30
1050,90
290,30
10433,35
3030.06,58
7957.91,17
0,30
2625,30
2000,59
1,45
214,30
75,30
36021.98,32
0,41
5400,60
100,30
520,30
5,45
41656,30
2562,20
105,61
11,15
0,30
265,30
8255,31
2850,17
0,30
45,30
2506,30
0,60
14057,33
399,30
1101,30
25,31
4208,30
0,30
5387,30
7336,30
9527,30
10178,34
0,90
2207,29
3405,12
6172,31
5145,30
9228.66,30
146,30
0,30
0,30
8076,32
0,30
740.58,40
110,30
640.5,35
41,20
1,60
1214,60
60,29
10406,30
1,28
2276,30
0,30
10795,60
15,32
0,30
1250,30
121,15
5475,30
2155,31
2,24
1072,30
5155,30
0,30
1000,30
50,35
1885,30
5275,30
0,45
136,30
19770,32
225,29
1657,33
0,35
1552,30
5150,30
51,30
1617,45
210,45
240,60
155,44
930,24
91,30
0,30
8593,35
374.83,30
0,60
15195,22
1,30
1455,14
20535.2,40
95,30
1826,30
0,30
0,30
9355,30
252,30
2287,30
1123.45,61
3012,60
25805.85,15
0,30
6089,72
5,30
6,60
8041,45
0,30
200,30
1327,36
11507,30
14851,25
8354,45
148,30
0,20
2046.13,14
795,19
1135,30
25025,30
954,30
33,30
0,16
901,30
12497,28
10375,30
28490.42,20
146,30
475,30
10,30
3725.37,23
320,31
520,30
1,86
1200,31
1,60
80,91
0,58
2819,28
3180.51,25
0,88
1602.71,39
1670,20
898,30
3,30
25,60
14472.18,30
18979,45
7940.5,31
1131.69,30
0,30
305.01,15
646,30
30806.06,43
2696,29
584,31
3436,31
30,41
56,60
5436,35
5554,45
0,60
41,30
4590,24
0,30
2,60
6758,30
2045,30
534,45
21011,14
1950,30
2778,30
25,28
1561,33
16602,30
320,32
0,32
360,30
0,30
201,30
241,30
0,30
59,30
3520.92,90
11720,46
3169,30
2605,30
78,30
0,25
0,60
532,30
2645,20
2436,38
0,60
2101,35
63,19
6280,30
412,30
0,30
0,30
105,27
0,30
5599,47
882,23
376,58
2480,31
0,30
631,23
0,30
13066,31
5,30
8424.5,59
6031,25
23001,30
1300.98,30
12242,33
16926,31
3282.66,30
903,30
76,30
3239,60
0,30
40,45
12701,2
0,59
1,25
131,50
935,30
1540,25
130,30
502,29
15424.25,45
2,30
95,30
780,10
4409.77,60
12695,30
1032,30
25269.61,45
1016,60
125,90
10903.17,16
20,60
4240,60
132023.5,57
520,60
2,30
51,60
0,30
0,30
2557.01,22
0,30
7310,42
2697,30
40905.35,35
32000,32
1,27
11040,30
10135,32
162,30
70,30
16,30
140,16
1336,30
210,30
3875,30
0,30
0,16
4019,18
316,60
116270,41
16595,16
126,30
1,60
142,30
5,30
11305,56
1,35
160,30
1,30
0,15
1170,9
355,60
5,30
237,30
1656,11
1,30
720,40
51,30
500,19
2,60
57,30
17000,30
3327,46
0,29
1630,45
203188,30
0,30
0,30
5025.5,60
6003.4,38
0,50
3375,23
5138,30
0,52
3050,31
0,43
946,30
0,30
262,33
3230,15
0,60
22,30
5522,27
860,21
50,30
3345,30
12307,31
0,30
1307,30
3076,29
1951,30
0,60
2318,30
255,32
1,45
1,30
225382.99,30
172301.53,60
1715,29
23,45
114,40
8995,30
3187,30
0,45
6172.61,30
1156,13
125,21
744,45
22928.77,60
7560,36
2101,30
4102,30
2022,30
10609,30
9638,34
835,60
19880,30
0,41
575,45
2363,33
70442,30
3900,35
50,60
12675.21,30
25206,31
0,30
2427.88,37
1415,45
11567,50
1580,60
23141.5,30
1236,30
25,33
0,30
4820,30
3143,32
44873,31
7630,60
2,25
27238,31
1849.69,60
846,38
25,30
61,30
70,30
1530,30
3805,15
36,60
40,30
52837,29
1154,37
0,30
0,60
6,30
8105,48
1205,60
115,30
220,45
0,30
3011.69,20
21390,37
4179,33
10724.54,30
301,30
0,30
10802,22
36082,30
0,30
286,30
0,30
65,23
35,30
2,38
395,30
0,30
7854.66,32
4116,30
224,30
21244,39
26893,30
770.89,45
62,30
10174.59,45
0,30
25,30
9010,25
6634,34
6023,32
0,15
912,27
2805,30
0,37
4068.99,30
0,35
0,30
2287,30
0,30
1,16
5476,10
343,30
1057,36
105,30
3050,30
4218,30
1330,30
0,30
1977,45
1,60
26042.5,30
475,45
2223,18
0,26
1005,30
6050,35
18492,45
698,29
1,30
1310,25
740,28
1516,22
125,60
0,60
278,59
461,30
195,40
0,45
8326,45
2164,30
97,30
20,30
10,30
0,30
15,30
8351,30
2630.77,32
180,60
3330,33
4002,30
0,28
3496,40
4463.03,36
1245,89
5309,28
12160,36
137385,30
50,30
1559,30
2360,36
2459,33
20,60
34660,30
11261,30
1,30
292,22
440,30
6294,45
300,33
1631,32
1,28
40,19
5,30
4402,35
20,30
27357.2,30
845,30
1500,25
1625,30
8272.5,15
0,30
235,30
305,30
400,38
82082.01,60
0,31
5738,30
7669,30
8941,31
60,28
0,60
0,60
11,10
30.5,30
135,45
2438,30
50,32
151,30
585,28
0,30
0,30
200,32
573,30
31,60
6142,25
638.1,32
40,60
31247,36
9425,31
0,13
2693,30
215,30
0,7
515,30
0,60
7550,29
183,30
1,30
109341,31
585,33
1240,61
886,30
11,45
145,30
4653,44
80,55
2695,31
0,25
5727.01,30
0,30
5760.02,17
0,59
81797,30
8285,30
690,60
1,29
945,15
20622.01,38
65,30
146,59
591,60
2,30
578,32
10,30
140,15
2588,29
0,40
3053,30
5130,35
23636.18,30
824,21
682,15
0,61
10463,35
8435,30
280,40
1277,31
7573,25
0,60
1000,32
2582,30
3298,30
470310.46,30
0,30
9177,34
1050.37,41
26385,45
3705,40
160,30
10010,30
0,60
2010,30
25,47
27200,30
10785,42
23051.41,33
2530,22
25,49
0,22
3,30
120,60
2603.23,24
29404,36
1,30
2,31
50,60
20150,31
6,45
14056.99,38
35784,32
35,30
5890,33
0,60
104983.42,24
35,33
187849,43
6784.52,30
1640,30
4929,36
60,29
128785,35
3347,60
28,33
4075,30
95,86
9335.19,37
140,37
8008.14,30
174,60
22,30
0,30
500,51
270,38
268,31
2100,30
260,30
0,30
2005,14
2863,20
37104,29
189,30
25,30
235,30
0,30
0,30
543,60
14709,45
565,41
1035,30
0,30
0,30
0,30
1,60
0,14
0,30
386,31
0,30
11,30
802.59,22
2354,30
9305.67,30
6535,33
13417,32
224,28
7500,29
2,40
0,13
200,30
15390,29
0,90
3496,43
460,37
130,30
0,30
535,14
1570,24
0,45
315,45
0,40
0,30
1951,30
1,30
81,30
10729.36,36
5411.91,30
0,50
111,53
31956,45
0,30
8760,35
2015,24
710,26
3930,33
2160,46
2136,30
0,60
8671,30
1,30
0,30
31,40
0,30
2010,44
75,30
18422,60
20,30
1501,30
0,30
3695,30
7930,30
13205,50
9249,30
10721.22,90
6592,15
1,30
2822,30
422,26
10215,30
130,30
93,30
785,30
35.25,30
150,30
20,30
380,30
4735.75,60
3840,30
179,25
0,30
11354,30
100,30
255,14
549,14
8914,35
3235,23
1200,9
10860,30
3606,32
0,30
15390,33
0,25
382,30
5035,40
5,62
25645,45
205.03,48
0,45
49857.5,31
45,30
6137,30
1,30
15431,30
5550,31
13017,36
142,45
1113.08,35
1875,30
1540,52
3986,30
2,60
1200,45
405,30
357,30
136,30
9755,30
25,30
1,30
8,30
11747,30
500,30
10390,15
2531,52
0,30
3251,35
20,30
63423,30
14197.29,29
50,30
0,30
2670,30
2251,30
5625,26
9,21
1935,35
3480,30
1,35
1000,30
4645,66
1185,89
25,60
8000,30
90,30
6596,30
2278255.33,30
360,10
180,30
25,30
5,60
25352,50
10195,20
3450,30
145,60
1005,30
0,60
3152,30
475,30
3060,42
55,30
2300,45
116,60
1286,30
15732,55
150,15
3673.05,30
2273,30
285,42
155,33
6330,30
1,30
25,30
20,60
2215,30
0,30
264,30
0,30
12057,41
530,60
4720,31
180,60
1339.78,7
0,30
8125.99,25
1,45
50,17
10585,17
1255,30
2043,30
280,30
6436,59
305,30
176,34
45,30
7741,30
15,30
26,31
564,60
279,35
14385,35
136,60
1795,12
6,30
900,30
3170,33
4660,25
31435.99,30
3340,40
0,30
1149,26
0,30
1825,30
0,60
243,60
15059,60
20,60
0,30
0,14
65980.72,45
5078.75,31
7433,30
2083,46
0,30
100,30
1692,27
7230,30
1581,30
1490,30
1,30
1590,24
23297.01,30
0,30
209,30
56,59
160,40
25800.5,27
0,57
70,13
0,20
100,21
3011,30
45198.5,30
18410,8
31,30
3137,10
10,30
12605,41
929,35
100,30
41,25
2253,14
0,30
0,30
10444,33
15058.5,23
0,8
25,30
11,30
3315,25
56998,31
398,10
10,30
12030.45,34
0,69
470,23
3086,24
5070,61
4144,45
31520.25,30
3848,23
20,10
75,30
8360,30
3316,16
1,15
0,26
1306,45
3805,33
2071,30
1572,48
851,30
1415,60
182,60
0,30
9941.15,31
151,60
2207,30
534.17,14
5,33
0,30
1084,36
20,30
2600,30
4545.51,60
58493,45
415,36
25,52
11887,33
220,15
0,30
1,26
833,30
4048,30
3370,30
490,25
2396,30
1026,25
4000,31
10333,30
565,24
1499,30
1136,29
544,52
120821,30
152,31
565,37
6575,20
3472,26
1375,30
1930,40
84356,28
9273,20
276,47
10,45
10405,30
293,55
100,90
0,60
507,32
4380,30
2,13
14028.56,30
3340,32
24234,28
110,15
140,60
19,60
603,35
3455,30
10218,46
1360,60
10,30
0,60
0,30
2494,32
810,25
5060.42,30
10267,29
50,38
0,30
0,29
0,33
27175.64,27
0,30
25,30
2700.01,30
5070,42
70,30
25,30
5480.88,31
283,29
40,30
201,16
10799,27
150,40
0,30
25070,60
5838,30
176,30
295,45
28,30
570,90
310,30
1647,30
151,60
25,30
100,83
2106,41
825,60
76,30
51766,35
1800,30
3096,16
1133,27
1,45
33,60
361,30
7867,30
90,30
0,30
80,60
0,30
13235,40
132,31
46219.01,31
8971,31
20,30
415,10
42392,40
9173,28
5626,15
32228.14,33
110,30
25,45
1690,30
5410,60
450,30
25016.76,42
848,35
90535,31
0,30
0,30
26.02,40
50839.86,28
3143,30
22584.82,30
2,30
39693.28,30
11464.77,40
3430,30
0,30
22614.6,30
70,15
0,10
2333,30
75,45
410,30
0,60
1236,45
10355,30
654.17,30
5,30
50,30
34045,28
372.5,25
5912.11,30
175,30
130,30
130,33
42074,45
700,33
1,40
8046,60
0,23
3002,30
0,30
0,60
1440,30
101,59
2075,45
724,30
11892.7,30
46,14
175,15
0,30
1,30
536,11
520,30
360,37
20,30
15,50
25,30
51182,31
6595,31
30940,50
1825,36
1433,45
3250,30
32430.31,45
0,30
10170,36
2570,30
259,46
6249,30
11252,30
8056,54
1,30
635,30
2090,33
100,60
10850,34
0,30
175,60
8406,40
8171,40
850,45
75,30
724,30
27,40
0,66
1,30
116,30
1,30
4565,30
0,30
210,45
9158,25
660,60
286,30
71200,30
0,30
10020.99,50
0,33
242,60
35,30
2013,30
1,30
2000,33
1466,30
0,41
11,25
19429,33
26333,45
7857,11
550,60
2484,30
3718,61
5,41
2525,30
8725,35
189,34
177,14
845,45
17915,45
1506,29
2530,60
35123,38
3950,29
143,35
53433,30
17650,30
360,30
60,35
982,43
1,30
552,28
5428.99,46
1053.96,41
1700,39
0,60
0,72
3049,40
0,30
1268,60
0,23
1220,30
547,30
3505,30
1.15,30
15747.77,30
25,30
1806,39
57,30
1628,66
35,60
26109,31
0,30
225,30
1000,21
3690,60
132,60
0,40
4635.08,30
150,30
1089,10
241,30
2000,25
105,34
0,30
2055,31
1200,30
225,60
0,30
12809,33
26,30
160,60
0,60
5160,30
24944,18
1206,30
1451,30
3504,35
25,60
601,42
20000,89
15694.01,40
3950.63,60
0,56
110,30
0,30
316,40
0,30
0,53
0,30
2,60
60,47
1890,30
108,30
0,60
5681.44,60
6,29
4211,21
255,30
161731.48,30
925,16
6099,30
220,11
600,90
130,60
17512,30
500,30
750,30
140,34
0,30
0,30
1100,30
250,30
12850,60
1322,39
105,90
510,30
3555,30
11972.04,25
319,29
38,33
2922,34
699,30
2049,30
0,31
16665.45,32
25,30
6,30
281,50
16,60
20918,30
3091,30
10371,46
651,30
1250,24
3813,30
0,30
74,30
776,40
5,47
3192,30
1638,30
10007,30
15878.78,34
1000,30
275,25
0,45
1,30
400,30
25,30
12163,30
2240,32
719,30
661,20
2166,60
0,35
30,30
200,30
0,30
20,42
62,30
225,30
327,30
110,30
50,60
3505,60
15,32
11798,60
1035,30
0,60
352908,60
3711,28
1200,27
0,58
4205,18
1420,55
13385,30
2126,35
104,30
1301,21
255,30
95485.56,37
0,38
4398.83,17
2065,90
480,7
0,34
45,25
156,30
640,15
18579,20
81,28
7598,32
0,18
13875,38
0,41
25060,32
0,30
105,60
10,30
325,87
0,36
12460,35
70,90
674,30
0,30
1165,45
3758,36
7341,35
952.99,30
11545,30
22,30
0,30
6050,30
23326,30
20,30
346772.24,36
14585.5,30
1269,31
180,60
3500,36
2265,35
0,30
138,58
0,21
5725,40
552,42
357,30
7706,37
11195,17
0,30
0,30
35,30
2500,35
0,31
10,30
5180,17
15,30
13065,45
10,43
73,30
1031,30
19276,36
0,20
0,30
13756,30
1028,45
3,30
126,40
7606.71,25
34087.77,30
27171,30
262,30
42995,30
2520,30
1090,41
53840,35
70,60
13157,24
2,30
9561,34
0,60
3528,32
602,26
1615,30
4052,35
2593,31
6272,36
2785,30
0,60
3396.77,30
71,30
1,30
50523,45
94,30
4250,30
10255,30
5,60
0,30
0,60
25,30
48859,39
13348,30
1072,30
19557,30
2,30
250,30
0,30
3228,25
0,29
14439,45
0,60
1800,26
0,60
1300,28
8540,41
780,7
776,28
0,3
4370,30
0,30
5917,30
45,37
10131.01,30
26,30
25,25
58,30
676,29
165,49
0,30
503,39
490,89
3653,86
30,30
0,30
338,30
1364,34
0,30
2004,45
0,30
1085,60
335,30
500,1
17,30
50,21
24688.5,21
690,30
290,29
3,43
1,31
0,23
15050.01,30
45,30
151,35
5348,31
140,60
121,30
45,54
85,55
0,30
252,45
829,30
0,31
0,20
1,29
13701.35,14
0,29
3582,18
370,13
41,60
2962,45
325,30
10,30
84,30
2501,30
0,40
790,41
145,30
2680,54
338,14
210,30
8245.11,30
0,31
77,7
510,34
3453,30
7,30
390,45
16,45
1756,46
65,5
64325,28
776,40
10535,32
565,30
100,30
4712,32
973,15
1505,30
4973,60
2525,60
2087,30
75,30
5467,30
1780,31
9011,35
16038,29
3369,30
590,47
125,60
285,46
7594.33,33
1115.77,33
4260,30
35138,35
6156,60
2971,30
542,30
1687,20
2661,30
584,30
3,60
1,30
0,30
1080,25
302,40
135,30
1,30
3205,91
8300,61
8077,48
1320,34
32535,45
26,17
690,30
60470,28
0,30
10,30
0,30
545,84
423,30
0,21
8036,41
1,40
100,60
120,59
4456.66,30
34440.25,30
18727,30
13201,37
360,30
693.5,14
797,30
280,30
300,30
30,30
19507,31
2175,30
500,30
1002.72,30
815,30
2510,25
26,59
14961,21
115,33
687,33
2610,60
401,30
0,30
2281,33
1301,20
1116,30
30202.01,32
413,30
380,30
0,60
52275.66,30
0,44
220,29
510,11
5307,31
4169,31
0,30
4,30
316,7
12797,30
3025,60
40,30
620,45
151,30
100,40
3752,60
31,54
0,9
393,40
330,30
1003,30
4638.38,60
0,36
0,30
571,30
10170,21
1895.01,30
16,15
100,60
0,60
135,36
4130,45
35,35
100,30
64,30
6,30
19815,31
493,60
25,30
110,21
479,60
110569.56,31
6281,30
0,30
0,30
2606,33
896,30
153,30
0,60
7138,34
161169,30
65,30
5614,50
3053,45
11827,30
2774,47
220,30
26131,30
2461,30
734,30
1,30
15371,30
40131.37,30
327,37
0,40
145,30
8718,30
749,40
5300,25
45,7
5552,42
2000.18,30
17025,34
1375,16
0,60
105,30
0,60
4113,75
2106,40
5128,20
20576.5,30
69,30
0,55
1,30
3076,60
596,30
10,30
1828,30
3770,36
0,20
1312.48,89
32,30
0,30
1500,15
75,60
13537,30
8255,31
235,60
425,31
685,30
6086,30
286,30
507,20
4665,38
15110.83,76
7000,35
1545,40
0,19
2611,30
15212,45
139,60
10442,30
21732.5,30
346,30
26,30
2160,45
0,60
35,30
3602,21
215,40
305,31
106,7
1858,30
0,35
690,30
107235.02,35
0,23
1,54
20,30
1690,40
836,35
3221,31
320,30
1055,30
43389,30
0,61
891,45
3417,25
2098,5
2990,30
210237.42,45
12582,30
46253,30
5207.79,30
295,30
1001,30
0,30
24578,31
26,30
1,30
3939,34
964,40
4062,22
5005,30
1,30
0,30
32245,30
44748,30
0,30
0,30
0,30
5,30
15516.71,15
201,30
105,29
0,30
1335,22
4733,30
28941,45
1846,40
1731,27
1709,30
3000.74,66
0,30
2176,30
2513,30
130,30
2,30
15838,42
0,35
3206,45
0,30
5870,30
25,30
1,30
0,60
106,60
5000,30
0,30
20,39
2634,35
11313,30
7855.43,51
1065,46
525,30
1,30
7715.74,37
201,30
315,30
25555,30
12044,33
5277,30
0,30
42,44
1890,45
5115,30
24351,16
862,45
0,60
15,30
0,30
25,45
0,30
3746,30
1172,30
1700,30
559,30
24268,30
1044,37
740,45
1575,30
712,60
1540,23
16935,30
500,30
824,30
8685,23
12155,30
6626,47
1686,26
1056.66,30
7365,30
6475,23
204.5,7
5271,45
1000,30
10226,30
2076.1,30
56,30
0,30
15,23
0,18
178,60
8111.62,66
317,60
2714,15
25171,60
60,60
98409.52,7
130,60
70,31
1070,28
16,23
0,44
10406,30
585,30
2454,40
18,30
5,30
5845,30
0,9
600.33,30
11085.24,35
50,30
0,30
71,23
0,30
2054.32,31
623,60
585,30
60,30
51,35
14082,30
35,30
0,30
10617,30
5855,45
1503.22,11
0,30
650,40
9,20
27268,32
0,60
28083,30
9131,30
4590,90
2841,22
30,60
820,24
180000,60
55,30
10773,33
19760.67,30
85,30
173,23
2500,34
1332,18
114,30
285,30
825,34
4115,28
23234.95,36
25,22
400,31
32760.27,30
3580,31
74,5
0,45
0,30
4135,33
0,30
166,30
1001,30
72,16
0,60
150,30
3334,30
11,33
51,30
170,30
202,30
60,56
264,13
1000,30
0,30
5,30
54233,39
20565,36
125,15
1,59
0,30
1925.21,30
16240,30
85,50
120,38
1946,24
20,60
37954,29
1315,22
700,30
1,30
25,30
12082,35
10892,16
0,31
20,25
326,35
2183,25
20101,60
0,30
200,33
113,30
2105.37,30
3883,45
5180,30
6111,45
1417,31
298,30
6193,25
20070,30
1137,30
13565,37
0,30
310,20
0,30
166,30
157.77,47
322,30
50,30
0,30
45,45
485,30
23001,32
1099,30
411,30
650,30
9257,30
826.5,19
2512.39,25
3175,30
15371,60
45181,38
11,30
3050,30
0,48
2583,28
2978,38
100,30
0,30
76,30
1675,50
1,30
4813,33
5,30
31291,58
8021,30
1200,35
0,60
34436.65,46
1,19
0,29
3586,30
127412.01,31
0,25
3675,28
11,30
25,30
254971,45
4755,31
8,60
10,23
2664.5,14
1640,45
45,60
2830,15
30,47
115,30
13075,40
550,60
1735,30
1531.55,60
122,30
2346,30
2550,42
628,45
27154,45
0,30
2754.51,22
421,30
2082,16
2052,60
57249,30
0,60
0,30
0,30
6325,8
800,60
9543,35
0,30
17410,46
280,44
1895,22
1,60
2585,60
23474.2,29
0,30
1,32
790,30
800,14
100,45
0,31
25253,45
950,30
100,42
10110,45
143555,31
2402,36
1452,40
45,30
25,60
1530,32
0,30
3310,15
0,30
860,31
0,40
109,30
487,60
2100,30
3,12
14920,30
358.33,30
101065,54
20,30
0,30
80,29
50,30
7622.6,46
116459.17,39
15,30
6770.55,40
197,25
70,60
680,30
0,30
5191,40
503,50
5000,20
0,26
225,30
1125,30
571,60
8135,60
33154,27
810,30
0,30
91,30
7893,35
2255,25
680,30
903,60
0,38
260,60
12103.07,30
4509.01,30
522,30
2,20
8470,30
250,30
601,45
123.51,31
310,10
0,30
12129,30
0,30
1235,31
27404,30
18938,30
56,30
5848,35
6680,34
0,30
5003,60
1,30
2001,28
51,25
40,30
8904,90
95838,30
2282,27
0,30
6999.77,30
77,30
48420,36
418,31
10305.11,30
25,45
2825,31
10,30
150,25
36,30
5051,30
6902,15
0,50
10,24
1456,30
38701,40
130,90
972,60
17,24
380,60
206,20
860,20
10702,27
0,30
145,27
6328,21
3031,26
230,30
0,5
145,30
1660,30
3309,42
2770,45
1369,9
22369,29
10,30
510,31
3842.6,35
9502,32
20215,33
65,25
5095,30
350,30
40758.11,28
1011,52
0,30
1335,30
3668,31
362,35
0,10
25,30
1457,63
401,18
76628,30
873,30
451,60
1,30
26,30
0,30
100,60
99,30
470.01,30
20,30
335,42
0,45
29092.48,30
0,45
2176,59
2010,30
4852,27
0,30
7631,32
1387,30
12996,30
100,30
2663,87
118,30
2650,30
0,30
537,30
25,30
1,30
0,60
307,30
930,24
360,90
8291,24
260,30
52886.11,30
50,30
0,30
1660,12
0,30
1114,22
0,45
13010,30
0,1
4400,30
330,45
11579,30
225,60
1,30
10,30
35,30
5981,44
516,20
20678.01,30
20,31
58,30
391,31
9800.55,52
0,5
1394,34
244,28
3172,16
28340,30
241,60
15029,30
20,46
477,34
33104,37
785,30
1666,15
7672,30
71,30
1248,35
0,30
1817,59
0,30
576,30
51816.65,30
2438,30
14448,27
0,30
470,35
1350,30
73066.05,45
31017,30
1,12
87774.3,30
0,30
9915,30
1016,30
1,60
30135,30
5,22
17464,29
850,45
65,30
196,30
638,15
3939,30
1942,9
7146,4
1113,30
135,20
25,20
50,33
7402,30
102,30
25,35
10116,35
142,26
1,30
1778,32
5410,21
4465,30
15790,30
8564,60
5420,40
45,60
0,30
6830.77,47
2440,30
399,30
427,60
0,30
860,35
22239.5,22
2337,30
5235,45
340,25
22,30
0,33
500,60
130,30
4030,28
10,30
3565,29
10233,24
13121,42
106,30
695,30
20,24
0,30
0,30
9501,30
0,15
2483,34
7000,30
2400,52
1167,34
580,60
15,30
0,27
6820.14,30
64,30
294,30
5827,30
22492,36
1415,46
10,10
785,21
2208,24
505,30
1860,45
138,30
12,30
5445,60
5045,30
5372,33
8471,31
32,32
45450.13,27
11153,30
25,30
20,40
16082,43
500,33
25295,45
1037,30
3,30
15536.01,47
71,30
5,30
0,30
0,30
360,45
511,30
4860.77,22
20010,30
1132,26
2011,50
2514,45
29231.88,35
107025.3,40
11124,30
175,30
8103,35
202666,44
202,30
752,26
391,36
285,30
797,36
5130.01,36
11800,30
0,60
585,89
6001,31
1853,21
277,43
10,60
4395.99,30
1140,38
11584.92,31
76,45
0,39
0,30
16540,29
5186,30
2050,30
1,30
1854,30
4347,40
11106.33,29
10126,90
0,9
5871,45
0,30
21380,30
4602.16,14
0,49
0,31
1870,30
3343,30
0,60
160,30
202,45
7202,30
2,30
2520,20
3614,30
2863,40
501,60
113,29
981,45
3432.66,60
0,30
4858,45
99720,35
2,60
30,30
125,60
0,90
9197,30
903,14
2000,60
5930,45
356,30
25,90
3148.33,45
675,21
2385,30
2490,15
3773,30
60,30
1357,30
120,58
9146.33,25
0,40
8861,34
20441,30
1307,13
3335,30
89886,25
0,30
423,28
30206,30
4062,31
7294,22
77855.1,37
2931,30
45,30
8551,35
33886,30
15,30
3,14
4360,22
950,30
2131,30
13196,33
30855,30
912.37,31
15862,30
4375,50
71,30
101,38
1000,31
9473,37
100,30
57520.12,60
8557,30
4570,30
0,30
3927,31
0,60
20826,31
1025,30
10,60
2462,30
4810,30
25,30
110,30
0,30
100,30
1700,27
25,60
12542,56
9100,37
325,60
1215,30
0,40
130,60
0,30
6460,30
25198.23,30
684,30
1161,27
12699,28
1,16
20682,31
515,30
3370,21
3116,34
10170,32
4046,30
5046,33
0,31
16644,30
0,30
22545,30
1974,45
29,30
1272,21
16656,33
0,26
455,30
10245,45
136450.27,30
6045,30
77,30
7001,32
5901,30
4491,30
1580,53
408,47
90,30
6,60
0,30
4051,30
306,26
0,28
551,30
821,30
1870,30
0,26
1440.55,60
0,16
1,20
806,35
0,61
319,32
1,60
1071,30
385,60
0,30
175,30
402,30
24809,25
1,30
175,30
2985,30
3654.18,30
215691,30
10,52
195,31
30,30
3794,30
0,31
685,40
800,60
31632.25,60
50,91
264,30
715,40
526,60
150,20
5385,44
235,30
1410,31
13026,90
4367,30
1403,45
1200,10
237,30
4266,30
2595,32
7853,63
65,45
1667.52,30
140,30
537,30
1680,30
400,32
5200.77,20
30,30
9109,36
1888,35
20255,36
311,30
101,30
21050,25
54920.99,30
7951,20
0,60
29,30
0,30
350,49
20,21
3710,31
75,59
14029,24
2082,30
55,30
5,45
0,30
200,30
51508,25
27643,30
15720,26
8860,30
5435.14,21
250,30
0,20
70,30
340,30
33010.87,54
3461,38
0,30
0,45
851,41
0,15
470,60
2152,30
3255,29
611,40
0,30
3705,30
4160.55,42
7941.05,30
8720.88,31
0,30
0,30
780,30
1938,21
1,30
2,30
490,60
0,30
50,11
10646,60
1326,21
206,30
0,30
4312,33
160,90
0,30
5,51
50,39
0,30
137,40
10,34
425,30
350,30
8370,26
155,30
1641,40
125,30
0,40
30803,30
5405,60
150,30
30,30
1,60
7497,28
435,18
3195,30
88,8
1010,30
1636,45
0,34
0,30
50,30
4601,48
80,15
7226,30
15376,45
11040,30
0,30
175,45
1,30
1244,30
3295,30
140,39
2211,53
5000,45
38123,31
0,8
6124.83,42
210,30
1211,60
100273,45
280,19
1831,30
24,60
6179,29
156,24
351,15
0,30
0,30
30,30
4063,30
5,60
9897,31
1,30
8062.54,20
0,36
15204,31
0,30
1178,40
1705,30
38,60
340,30
1610,17
1025,60
520,30
6844,59
3583,30
6138,40
0,45
0,30
162,30
335,40
6890.25,15
19,60
32274.69,30
0,60
5464,30
690,30
25314,45
0,40
5,20
10415,29
45,30
1060,35
134.99,17
4269,30
6162,68
1105,30
0,16
19766,60
202,30
0,35
577,7
10773,30
6310,40
1104,30
445,30
351,45
65,41
0,30
0,34
1325,16
61,30
261,16
38,30
3178,40
25305,60
100,15
1522,20
11202,30
0,27
0,60
3285,30
3575,15
35115,31
20,1
0,35
3170,23
14976.09,60
2875,20
126,30
8133.72,27
2266,30
10,60
0,40
4050,30
2038,60
1,30
785,33
155,41
0,10
0,45
997,31
345,42
1,30
0,7
7521,35
686,30
64,45
15462,38
15922,30
7305,30
13428,30
1106,23
40,30
1811,30
7025,30
7493,63
2500,22
125,40
1107,30
8140,31
0,30
10,54
1172,60
0,32
160,30
699,30
57187.3,32
5,30
1,60
10780,30
101,30
5,48
20917,30
12336,31
1740,40
2000.92,60
9732,30
97086.95,29
14950,35
6701,55
24473.99,20
1,30
75,20
4342,34
5230,30
0,60
6261,77
5933,60
3040,60
0,30
5811.23,60
0,30
10,32
5103,30
960,30
556,30
77,60
2501,33
4160,30
2410,30
20,45
11415,28
1034,15
195,32
0,30
4382,31
12280.66,30
2,60
1550,44
0,30
63702,29
3210,14
220,30
40071,30
60,30
285,30
15,30
14375,32
1600,34
80,78
2428.43,31
2551,40
26810.58,30
2228,40
0,30
296,60
540,30
70,31
5350,66
3052,14
2220,29
380,28
540,30
2,30
10,32
0,30
500,32
60297,5
219327.22,24
33,30
4061,21
6,30
5854.82,15
31801,30
565,30
681,30
540,30
1262,10
10708.37,88
3805.45,21
629,29
5000,46
759.66,30
1387,30
0,24
235,58
0,45
15264,30
2914,45
426,30
179,20
15662,41
760,30
40,18
925,30
1064.11,30
15,59
1957,43
11048,25
6360,30
86935,30
0,30
12045,33
456,30
1648,30
175,30
380,36
475,25
0,30
5026.12,60
2675,30
21681,30
156,45
125,60
394,60
366,60
8744,33
3433,30
1470,60
7915,30
72733.54,30
1157,25
0,90
12,25
1426.01,30
8744,30
2060,45
0,26
101,38
75,50
12159,40
3725,30
1039.16,30
8976,30
435,22
0,31
215,40
37697,60
20,30
65,30
16766.77,33
0,30
2805,21
3204.45,26
369,30
303,38
570,51
102608.01,30
8296,45
5,30
3217,35
76,30
361,30
50,37
402,30
52103,41
10,30
628,30
1049,30
3234,30
158,19
7623,35
160,43
0,30
3205,30
5384,30
8,30
0,30
528,31
7285,21
63421,45
25,25
6000,42
380,30
20,30
70,29
1066,45
5209,37
14203,26
250,30
125,30
0,24
0,30
6083,33
430,30
5975,30
571,30
108683.52,45
0,29
1600,45
7394,32
7,28
18121,28
6538,31
3,60
4490,50
92,30
38,30
125,30
350,30
4537.5,90
4393,24
6659,45
8727,30
2210,10
20,30
3663,30
0,30
6231,30
0,49
34,60
153431.33,35
0,50
2855,35
5287.55,20
0,30
100,15
978,21
0,15
3480,45
12136,30
43,30
5,60
5,30
1,30
0,10
1663,60
1293,30
0,30
9758.05,45
120,30
1077,60
2015,25
34,30
1,30
24069,27
140,30
15,42
10,60
0,30
0,30
228,30
0,30
1400,30
2148,20
0,30
351,30
0,14
0,31
1671,30
235,30
1,30
3475,40
1,30
41864,40
0,30
1865,30
0,30
400,30
60,9
29525.5,54
1146.66,55
0,30
965,33
26042,57
3232,30
4530,30
1332,30
38934,28
0,60
20,28
6300,38
46,31
4930,33
306,30
6350,30
20,30
20,30
142368,39
3391,30
0,21
3410,27
1,40
8109.69,30
20,40
5,30
7470,32
17467,31
721,30
1163,30
2970,30
5165,30
2460,30
27,60
1031,30
0,30
1065,30
516,59
6471,30
3581,30
502,35
379,30
3860,36
337,33
715,30
3675,60
191,26
631230.58,25
5115.66,45
30,30
0,60
0,30
29538,51
105,30
33,30
7490,33
60,30
12071,10
175,30
0,30
1,30
275,30
1065,30
5745,30
39,61
73,15
1991,30
2882,56
240,30
4530,28
55,58
550,30
1660,30
15649,30
420,30
100,32
26,30
473,30
8223.11,15
1503,30
0,30
396,56
1877,21
1025,38
156,45
3437,40
11044,30
7018,30
185,58
2000,12
17,45
11,30
1015,30
1,30
51,30
361,31
290,28
12149.01,30
13305,33
150,35
9712,30
0,60
7365,90
16055,46
90,30
1041,30
5000,30
1295,26
1,55
1066,30
415,30
102869.1,24
10,25
1025,7
15963,30
0,40
1,60
605,30
6382,30
484,30
1278,47
1066,37
25190,30
3006,30
0,16
10,30
0,30
6965,29
11125,30
50,30
1736,30
1135,45
12100,30
405,22
35,60
75,28
3021,30
4107,35
28,30
35,30
2,90
3675,30
15201,60
1508,30
70,30
120,14
0,30
290,30
125,30
2085,35
0,30
405,60
8732,30
161206,32
59,30
6516,21
16410.5,13
4720,60
579583.99,31
15627,30
241,18
0,32
4181.31,33
60596,32
0,30
0,12
925,23
4179,20
10003,30
10,30
21141,30
905,30
20,30
21,60
4570,40
0,30
8,30
3695,50
30407,30
0,53
520,16
360,30
7172.55,60
1355,35
0,54
1183,60
10616.22,45
5023,40
25,30
58235,30
0,25
3345,30
8458,30
12892,30
858,30
191,47
40,33
10321,45
102,60
12531,35
6726,30
70873,41
263,30
1751,30
240,61
126,30
130,10
1200,15
312,30
296,30
6010,33
3811,30
1118,30
1,30
760,15
3373,30
575,30
3700,56
36000,41
210,30
16303,27
5037,30
646,59
60338,45
24032,29
100,10
94301,30
0,30
4050,35
25,30
2745,90
4474,38
160,23
4847,31
36660,31
30,59
751,35
2535,21
168782.18,36
10,15
1225,60
6030,91
0,30
13160,29
4010,43
415,40
0,30
1615,30
50,34
16010,50
0,31
3930.22,21
1870,33
500,30
25152,30
36245,45
11762,30
222,10
2819.77,31
13848,30
150,35
1.23,30
725,60
740,30
2,40
367,36
1668,22
60,31
4040,30
260,30
1,30
1735.01,15
215,50
440,30
5407.55,33
3010,30
2065,30
250,40
44175,30
7147,30
5053,35
2046,30
3187,33
20,20
22,45
5652,30
1516,25
120,30
1928,59
53,30
5435.85,30
345,45
7913,30
41532,23
125,25
226,60
96,24
9143,30
307,25
3960,30
126,35
387,30
555,33
6006,21
14000.88,30
610,7
56,36
45,28
10,30
2026,15
821,27
20279,24
385,60
1723,30
426,28
2094,54
77,32
0,21
10350,31
520,21
0,14
35735,24
53387.95,30
5365,31
21,30
16637,31
803,31
19218,30
1531.98,20
0,30
14090.5,32
1016,30
10275.2,30
576,17
0,30
124,60
1528.66,45
15528,30
128,20
510,30
1,30
3920,33
0,30
201,15
21,45
43,60
7,17
159,40
0,30
886,26
10725,24
177496.11,59
60934.5,33
0,30
8312,30
2205,31
1455,50
10,30
3025,47
0,40
0,30
5480.11,30
25,30
12,30
4733,45
23686,30
5,60
1245,24
510,30
11234,30
11005,30
1125,30
1943,3
189,30
0,8
241,30
0,19
3504,30
6565,30
10000,60
390,29
10489,30
67125,55
2650,30
20,15
7931,15
80279.55,30
57,30
680,16
1713,30
386,30
416,60
1370,31
0,30
5655,21
813,30
1,60
2025,30
1160,31
3103,30
512,24
2626.55,30
4577.7,30
10206.01,50
81,29
3246,30
1174,34
1060,45
0,59
0,20
28987.12,30
0,30
280,30
5863,30
585,26
5718,40
12476,30
132,30
20,32
841,30
7260,31
71,34
0,30
25425,31
0,30
0,7
0,30
0,30
1340,30
18649.51,26
344231.6,45
100,31
1164,32
63955,31
134348,23
11921,30
1,30
7125,30
4228,30
1710,21
14181,20
76,60
2,30
166,30
11,30
0,59
0,30
125,30
0,30
2765,30
250,30
140,90
26096.02,28
33734,37
1265,21
106,45
5236,30
0,30
10660,29
1,30
245,35
1590,13
12050,15
50454,45
4230,30
699,30
5,45
605,30
13234.27,19
12582,30
130,60
1202.25,30
1250,51
0,45
25,30
613,36
280,30
0,30
33215.5,30
4004,25
1795,60
0,34
342,16
5474.66,30
770,29
845,7
1125,20
45,21
610,32
525,30
0,45
3110,60
610,30
40,30
859,30
281,36
32508,30
0,24
825,11
3,25
3573,33
699,30
110,45
45,30
2965.86,35
21,30
5872,21
135,30
197,35
3326,14
16,30
6915,42
50,12
4918,37
1955,40
0,30
46616,30
0,14
4,57
2510,30
5211.98,60
1,30
125,30
121,24
2536,16
716,45
2,30
15,5
0,30
3105,30
120,30
5897.32,30
28678,35
12,10
100,45
29960,60
110,38
10,14
0,30
2391,30
2905,21
5110,30
0,30
310,30
636,37
85,30
860,90
5,30
5045,30
1414,37
1,14
5966,30
0,30
5090,20
13100,30
15213.13,31
2897,10
467,25
0,25
60,14
5786,40
4192,30
4338,30
2540,30
3506,16
301,30
152,30
12023,59
1341305.03,33
0,57
7599,30
0,29
10,50
20070,45
1344,37
16221.55,28
170,60
6000.32,14
2,15
3,30
2185.04,33
1169,45
0,30
25,30
6,30
410,25
50462,29
495,43
505,30
15346,60
0,30
2747,29
10650,30
1590.41,30
9292,35
5115.35,32
0,29
3029,36
1413,30
100,30
2095,41
10220,30
0,30
30,30
8598,31
6838.73,20
551,30
0,30
740,22
1,30
11003.66,30
1427,30
3500,24
10402,30
10,30
0,42
31600.2,32
32813,30
41136.55,30
1000,25
1301,30
210,41
4060,30
8396,30
4782,21
20,30
1464,38
2887.66,30
26659,33
1286,25
6932,30
1541,60
0,28
230,45
0,45
0,30
17550,32
79090.77,28
6225.64,21
75,29
1531,30
11644,30
1,30
15675,35
20,30
573,30
13475,46
725,61
275,60
0,30
0,30
2272,37
0,30
58042,31
1735,39
291,45
268,31
0,60
5151,33
11049,30
350,28
585,30
27478,14
157,31
260,4
90,30
5737,25
0,60
1,30
0,12
800,30
0,30
645,19
910,57
132349,35
11630,30
0,60
4391,30
300,30
1676,30
515,30
384,39
1200,30
1240,30
1826,33
45,30
20,30
640,49
2281,30
0,30
215,30
925,30
65,30
18436,30
9125.5,30
3242,41
4293,36
6879.5,27
5575,48
5755,30
2528,30
23961.35,45
2521,53
55,30
10,30
455,12
26671,26
7175,30
400,52
400,37
12777,32
2220,25
0,30
23966.82,21
0,29
4425,45
1095,30
355970.82,45
8,20
5885,31
65,37
5756,30
35,40
2790,41
156,30
2027,32
7701,30
0,30
184,28
1500,28
2,35
15,27
10951,30
50,45
431,30
25,91
1066,60
9465,30
1901,30
20,60
141,30
205.39,30
85,22
0,7
862,32
30,30
80,36
20,45
1000.01,28
1316,30
0,30
8405,30
10569.32,39
1,30
1880,30
3300,21
230,30
4680,30
0,45
166,30
75,30
235,32
1406,45
5050,30
11290,60
6553.57,30
5,7
2,30
2200.77,36
440,60
5025,35
0,30
3430,45
7631,60
25,60
90,30
120,22
2732,40
85,25
155,30
15626,30
154106.36,30
40,34
100,60
0,30
20,30
19710,30
18,30
5809,30
10,30
7233,30
3616,30
84811.52,16
451,89
144,60
20626,30
0,30
6,45
5250,30
2365,21
1360,30
20,30
1,60
120,30
3802,30
594,39
1970,90
400,42
9257,29
521,30
4135,32
60,30
15,14
17497,24
4330,30
2718,31
29783,60
11023,30
50,15
360,32
0,30
0,45
4664,30
0,33
4146,45
36,11
48048,35
90,34
6268,30
1370,40
5230,30
32252,30
0,30
5113,30
26,29
726,30
55231,30
11,30
7157.99,50
50,30
225,30
140,30
170,38
25,58
10016,50
1225,30
2215,33
1,32
5450,47
6206.99,30
1002,41
1365,45
35,30
6270,38
0,25
1265,30
30,30
1,20
10,38
35,30
0,30
0,20
1811,45
0,30
40,15
191,60
11,30
0,30
4063.07,33
56859,30
535,32
742,30
415,22
4350,33
709.08,14
1423,14
3004,30
100,30
160,40
4693,7
10003,23
0,47
1300,45
5088.5,31
2625,10
43,30
9451,41
0,30
0,30
1369,34
56724,30
885,30
2847.11,24
5010,30
1207,56
2356,30
78889,30
26,30
10195,10
390,30
0,31
1345,39
8105,30
38,30
56151,28
0,38
406,32
0,30
100,60
0,26
275,60
630,31
1625,30
3,14
39352.75,32
1089,30
2210,30
10245.33,31
101,30
10622.11,60
1,60
33568,30
3810.5,30
164,35
500.82,35
12895,36
20852.69,30
315,16
2445,30
0,30
3080,28
2242,15
89,30
0,30
1075,30
0,21
10815.14,45
732,30
0,30
265,18
3512,60
13612,30
40025,34
967,31
551,30
3616,30
25,30
51121.99,20
8583,35
7,21
100,26
3501,30
1855,30
108,60
60,30
0,30
3680.03,51
105,30
2,44
1820,30
25,38
130,31
2800,30
3215,40
706,15
0,30
133,30
26,30
0,30
2837,29
121,30
0,60
106,30
1,30
913,14
875,50
65,60
0,48
7104,30
0,30
3,29
0,10
1149.66,30
141,30
0,30
26086,31
1265,30
5000,35
180,4
0,21
0,30
1621,15
20,30
11227,30
1272,16
4300.11,30
410,40
20761,29
35,60
480,30
11563.12,30
11,30
8007,21
394,30
1426,36
2037,30
50528.35,30
29,60
686,40
165,60
3,60
198,30
2475,32
61,30
0,60
253,33
271,45
1865,31
6025.03,30
160,42
2980,8
260,45
1010,30
587,30
11705,30
5006,26
1041.29,15
11225,45
558,50
4565,30
3031,46
332.5,30
790,30
53424,60
405,30
7022.02,24
1,30
2670,30
137,30
1,13
490,30
5905,30
3760,30
28115,45
5075,33
0,14
235,30
5,59
79187,31
302,30
20,45
905,91
5372,36
35,30
17700,38
818.77,26
420,26
26788,36
8978,28
0,33
6051,40
9016.16,30
50,30
2579,35
3294.01,7
1400,29
5026,33
6651,29
0,46
101,30
0,30
1,30
160,35
0,60
4158,25
75,45
838,36
5911.55,37
11425.5,60
254,60
3505,46
20225.57,31
0,33
0,26
125,28
0,35
7665,60
0,30
3330,30
130,90
2055,33
4087,30
1,30
125,30
0,30
121329,30
1,30
70,30
130,38
10,30
1522,30
134,40
0,20
0,59
1655,60
20512,30
0,60
333246.79,29
0,30
191,15
0,60
671,40
5161,30
3459.99,60
1000,32
54,30
0,45
5252.2,30
756,90
0,30
2740,27
3344,31
1,30
1826,38
100,21
50,29
313,30
0,30
1810,87
1273.33,30
4153,31
15,30
14067,32
15807.87,30
3188.33,60
20,30
25,60
12059,51
7641,30
115,44
203.62,30
0,30
3,30
5,30
0,54
3926.66,30
0,60
3745,60
1805,21
380,32
0,30
659175,44
0,30
616,30
30,30
8691,31
611,9
6723,29
85,31
15,60
1290,63
4800.11,28
2260,30
12125,60
1557,25
65,45
2235,19
140,25
1470,52
0,25
36,24
235,30
20,30
1177,30
6501,30
604,46
735,28
100,50
2654,30
50,7
0,6
341,30
1150,35
1885,10
10,32
0,60
45,55
2045,51
0,30
910,40
1697.99,30
2850,28
3,30
501,45
41,30
240,30
0,30
5401,45
1364,30
7,31
710,24
161,30
2505,30
210,31
30,20
2826,42
20,60
14000,29
424,55
9366,30
1475,42
825,30
2610,61
686,45
515,30
4135,51
1030,15
950,45
294,27
2647,45
9130,30
3140.55,30
354,29
2091,30
1,30
0,18
2304,60
11078,45
0,56
4000,90
10090,30
1800,30
7110,60
715,30
30,30
165,30
0,25
0,10
137,30
10049.99,91
0,60
155,30
2426,30
1059,14
595,24
47629,30
175,30
490,60
0,40
900,29
2112,30
12132,30
396,60
0,45
150,30
0,30
5,30
750,30
4245,30
10,45
5829.22,30
637,48
4171,30
2417,30
7175,60
981,47
7006,50
7551.66,30
654.91,14
5390,50
24618,40
41,30
0,30
713.34,45
10,30
0,89
45,53
21300,30
1605,30
1566,30
26060.37,45
52,15
2671,30
68112,15
4849,56
2826,30
5334,30
1226,30
787,30
22,45
1385,30
8350.8,30
30465,30
85,30
1,30
106280,50
502,30
75,31
0,60
40,45
180,60
820,16
117,30
2686.99,60
131,36
6063,30
302,24
1330.88,30
16651,34
22038,60
30,29
1408,30
2507,21
2,60
8801,30
2510,30
491,35
11175,33
3076,30
20,30
288,39
1257,30
3541,30
2151,21
85,30
546,28
8,24
609.99,55
5732,20
35385,30
10840,35
118.77,45
2080,30
50,15
270,49
0,30
56,25
550,30
3175,30
562,20
8,30
1611,24
325,7
1170,60
70,30
483,30
1616,25
41,30
2,60
10536.25,31
181,30
17123.16,22
372,30
7976,35
13024,60
136,35
107,32
110,40
5000,30
231448.55,60
1025,92
384319.48,28
2828,30
2721,30
52746,45
300,30
860356.93,30
24016,30
7059,20
0,28
9149,30
28044,23
115,30
30,30
2004,32
25,29
2121,20
63,20
0,30
40,60
0,30
8512,30
11114,38
920,36
0,30
0,50
1520,90
1635,60
22026,30
0,60
0,45
3345,28
466,31
1,34
22355,30
6,30
320,45
0,19
0,15
6728,38
2802,30
400,78
193,30
0,30
6962.75,32
0,59
876,26
111661.04,30
2630,30
1673.12,30
7801.02,45
6,21
0,60
2503,30
1588,30
617,30
3861,30
49002,30
3,30
1324,60
596,30
0,60
11,30
468,30
0,60
60,30
54182,30
10264.97,30
450,30
0,22
3742,30
1906,35
3645,30
2433,30
16,30
0,42
1915,29
5226.99,23
5262,30
4551,45
6,30
755,24
6192,33
404,30
7780,41
330,43
360,30
21,30
41,30
9745.99,30
3065,41
210,30
10226,26
18380,45
5010,30
3316.7,30
841,31
906,30
1200.66,30
25,50
0,60
103,3
3904,15
8642,28
9031.16,33
745,24
1445,30
59,30
5,15
266,30
715,40
1152,40
178,28
1393,30
2061,23
2478,35
2600,60
1330,30
331,45
5005,27
56,45
318,29
32958,30
325,21
4014,27
10552,30
15,60
200,60
1,30
396,17
65787.01,28
10,40
6490,45
36,30
40,30
100,10
11864,33
17917,32
6634,60
0,30
0,6
0,30
2010,22
1627,32
820,30
612,40
51547,42
19476,37
6000,30
6757,30
185,15
0,30
13404,30
3300,60
495,30
0,30
0,30
6145,30
656,60
2525.93,19
15410,38
150,40
373,30
1223,15
8708,28
0,30
482,30
66,27
17148,21
5116.5,30
823,30
360,30
985,30
575,89
2083.02,30
3026,29
336,30
1105,30
3520,45
2151,60
23468,25
1996.11,30
5836,30
12914,33
1,30
15062,47
5,30
35077,10
786,45
1130,30
15510,30
510,30
28,60
6,36
1007,30
275,17
0,3
26907.55,30
101,30
179,30
32614,31
0,30
112,30
0,42
1,30
5012,30
0,57
286,30
1,18
2922,45
75347,31
351,30
13682.15,29
2913.96,65
5395,60
0,30
4797,15
5733,30
1595,31
230,30
4308,30
0,15
110,45
763,30
60,45
0,60
981,29
15457,30
135,60
0,30
30,40
0,30
1516,10
279,30
3187,30
317,13
1060,60
35,34
356,25
6705,25
10959,37
588,60
0,56
60,10
25,30
5600.65,30
25,29
26,15
5,30
1900,91
98895.5,60
20,30
11,30
60,60
20,40
0,60
1500,20
51,30
0,30
460,30
5,30
4890,31
16459.01,60
100,30
6550,49
0,17
60,30
30199,35
5930,45
1272,19
0,30
3206.01,61
516,56
570,30
529,30
460,30
0,30
0,30
0,30
0,40
5780,91
1384,37
156,40
3480,37
295,31
804,30
4064,28
20416,33
9537,30
0,30
0,30
30,30
5650,45
12874,31
0,33
840,60
0,12
34451,30
1356,30
100,56
3015,30
3064,32
363,35
265,30
1,60
12508,22
4463,30
1206,47
1864,45
2471,30
137,30
12526,29
8148,30
0,33
257771,30
3516,30
7540,31
25,30
1410,23
0,60
365,30
500,27
75,17
5020,30
110,40
15230,30
42468,16
13904.82,31
75,20
3550,53
0,30
35,10
25263,40
4695,30
8058.55,32
3,60
5045,21
0,30
1576,40
1245,30
245,30
833.36,48
2,58
3030,40
85,45
15491,45
989,30
215,30
2458,39
1,21
0,30
829,44
10140,33
0,25
4076,31
0,30
9473,36
23807,22
220,35
274,60
23335.01,30
0,30
15450.45,51
345,30
515,60
4706,33
12508,30
140,20
730,31
2265,30
1020,21
540,14
1168,30
1962.5,30
1036,30
11738,32
3525,30
19,60
0,60
6435,36
30,30
4658,30
416,30
0,60
3562,23
1611,30
3832,24
1,60
100,10
1108,15
12952,30
84,7
9170,30
9492,30
215,59
21951.77,39
3496,36
350,32
28550,66
910,41
26022,30
6700,31
0,30
5000,30
8076,30
1019,14
424,30
33637,30
2026,60
6540,60
251089,31
0,38
10016,30
20933,37
370,30
51,27
21393.69,30
0,60
0,29
66,59
10808,43
286,32
0,18
0,15
42723,30
19308,29
1451,26
0,30
2038,12
975,45
75,30
12675.15,50
13343,30
1,30
857,36
300,30
125,40
0,60
732.77,30
769.77,30
25172,7
5,7
341,30
0,30
232,44
3310,30
945,37
11,30
315,24
135,30
1390,30
1720,67
49577,30
3125,31
939,21
1003,56
171,25
22381,30
96,30
40,40
3091,40
50,30
3271,21
1,57
10033,22
1530,15
2768,33
14812.14,41
130,33
0,30
2594,31
0,30
3,60
1060,29
21857,36
688,20
8585,30
0,30
930,30
502,30
0,52
10,24
4962,36
185,21
942,20
13945,60
5693,45
64306,30
245,20
1590,30
5637,31
2174,31
50,66
0,34
2650,52
15,15
50,30
0,8
2479,30
7785,46
0,41
0,30
0,29
24924,41
3638,30
1,30
65465.66,30
5,40
101,30
516,60
0,60
5040,30
2099,30
1257,45
2287,30
500,60
1069,30
2573,54
401,30
815,45
1634.01,33
3528,30
10,32
9026.17,37
4552,35
13,20
3194,20
0,29
1108,30
130,27
6186.55,31
836,45
0,45
39207,60
1,14
1,30
1530,21
2065,42
1665,18
695,30
645,30
9153,45
0,30
95,30
35,14
92264,31
25,30
4822,30
2685,60
640,60
11655,30
21744,30
16,59
511,30
0,45
0,30
0,30
4076,30
28633.5,30
645393,58
26855,31
13864.17,40
0,30
1643,30
0,30
2743,27
190,30
5440,35
0,30
4635.01,62
202,30
1697,30
8051.99,30
1,30
7450,32
1076,39
1001,45
24,31
12150,28
260,30
114,30
67,26
0,30
155,23
2070,32
0,60
0,30
30,30
5430,58
2600,40
125,29
4135,90
12136,90
2,23
5200,7
2525,30
1000,37
1698,60
92,45
5240.5,30
250,30
845,38
0,26
2735,30
0,30
355,35
210,30
60,30
550,24
446,30
5466,30
6,60
525,30
17631.12,35
646,60
0,15
406,41
0,30
25,45
10646,27
5,29
1480,30
0,34
5447.11,30
535,46
0,15
48168,31
1680,45
100,30
132,30
0,30
0,45
380,30
0,30
5994.7,48
66,60
5470,31
230,30
10119,14
20773,32
5,30
10,40
116,28
631,59
1255.01,31
5050,60
77676,30
1410,60
454,45
0,60
4985,30
30722,31
5,30
2880,30
10,30
2856.85,31
1667,54
156,30
80,33
937,41
50,34
620,30
5021,41
138,30
26,22
13931,30
782,22
898,30
380,50
1450,90
25845,46
11357,28
0,25
1860,35
1923,40
25,59
1,35
26669,30
9256,26
55,60
116.11,33
4348,30
359,46
4865,30
1,29
0,60
500,60
2110,30
545,57
3051,53
28,60
1591,30
287,50
0,60
0,37
60,30
280,30
2250,30
4501,29
3295,41
326,30
0,30
442,30
125,30
349026.31,31
1,30
226,51
26,60
1594,23
21027,45
2432,40
638,90
3518,32
2810.5,30
25444,45
55,60
110,60
9745,30
50,15
2384,30
486,30
105,30
4000,35
663,30
5163,30
13750.36,90
6150,31
117,30
1669,30
1638,29
0,7
557,30
5655.5,30
40,45
105,30
542,60
37869,30
75,10
0,36
526,30
0,45
0,30
1852,30
30,45
100,30
0,30
1305,24
5,45
2585,24
5970,21
4391,39
2500,30
6269,30
1091,30
6306,30
3507,30
41,30
30,30
226,32
285081.44,30
6747,30
1821.27,30
2502,30
980,30
3236,90
16055,30
10135,30
285,15
25,30
3804.81,30
760,30
178,30
10000,30
3126,30
12,30
2932.41,39
1,30
0,31
9414,29
2192,31
10,35
25,45
58610,30
1,30
8812,30
178655,30
15400,46
406,30
32,60
625,45
56519.5,60
1895,30
0,30
105,30
1154,30
15085,30
3000,20
13445,29
6440,30
340,30
50,56
25,30
637,30
0,30
18,30
1487.01,30
35,28
0,30
25,30
8735,30
27,30
3806,32
8407,50
172,30
0,20
13,30
7010,31
0,30
10,30
11060,40
0,30
6,30
13875,31
18,24
2671,30
64.34,40
158,30
1623,30
1,30
5700,25
2254.3,30
6167,30
177,30
365,35
3662,30
19577,30
0,30
33,60
34296,30
101469,45
45,10
3706,30
11619,32
5705,30
101.01,30
5408916.95,35
900,30
130,60
0,20
0,33
1247,60
6,60
25,30
7882,30
295,75
145,60
6501,60
50,42
440,30
0,30
134,30
960,20
700,16
2274,30
0,30
1100,30
26,60
12051.61,32
183,35
1434,30
0,16
1247,30
27576,45
175,30
0,30
1238.01,31
17732,30
2015,30
16550,31
480,35
110,36
2140,20
0,30
210,45
10420.07,32
470,15
0,30
725,20
2500.96,30
10051,25
11468,40
356,60
20,20
3026,31
660,40
2791,30
1040,30
16915,35
613,30
14857,30
301,14
450,30
10213,10
285,59
0,30
8620,28
380,30
25715,45
2026,38
560,30
5550,30
0,35
0,60
27,27
1236,34
7326,53
1126,45
0,30
5476,45
0,30
360,27
0,45
42803,29
40,30
600,29
100,20
42800,35
2075.66,30
1,60
2856,30
15,30
25022.34,30
2985,30
0,30
2111.01,39
42,60
466,60
3672,50
0,13
555,30
352,30
0,30
11000,30
41.23,60
0,60
0,88
0,50
8276,30
1675,30
7110,30
150,22
16820,30
76,30
26,35
1056,15
10933,30
50,36
826,60
2346,30
0,30
1298,30
4310.11,45
1460,80
1025,51
197,31
1141,10
2395,30
3154,31
0,19
0,30
10215,46
6730,30
1,30
850,30
9467,31
0,66
1010,31
1395,45
11,30
30105.05,44
2307,38
9423.1,27
141,30
530,36
2042,26
4345,33
16000,15
3446,20
1,30
15675,60
529,31
140949.84,30
80387.54,29
511,30
384,45
3240,33
151,20
37,30
2845,30
1643,42
185,30
0,60
6777,30
23,60
700,30
29327,31
2472,30
810,91
573,30
250,60
146006.78,39
0,30
5121,60
1,30
486,65
1091,30
8200,60
1580,30
0,30
50,30
2315,30
10103,30
1032,30
34721,30
601,21
4550,32
20,30
2600,31
185,30
26245,33
6175,30
225,25
0,5
2481,21
2425,30
10518,35
165,30
1913,21
650,45
0,30
596,30
0,30
886,30
7606,30
85,37
0,30
100,36
0,30
1,60
40,32
0,30
282,30
21,55
292,30
0,30
233,26
0,30
0,51
68208.02,30
7499.75,30
3085,30
459147.6,22
95,30
35087,60
760,28
1205,33
4470,60
8077,30
14350,30
0,31
5,30
985,34
138,15
487,30
1607,30
52,30
11,30
20,30
2072,20
890,30
870,31
5593,30
4015,35
1100,31
5450,15
8953,30
1834,30
560,30
15438,30
330,45
800,30
30,16
1,20
1745,30
1449.15,40
57440,37
5400,30
6,35
36,21
0,30
29348,35
2507,52
1621,60
397,12
1,10
2335,39
9097,30
3362,44
0,30
25,30
0,40
45,60
0,30
300,15
4175,30
32713.55,34
8462,91
0,30
6660,32
30013.52,22
875,5
0,27
11,7
200,30
35,60
9555.22,15
570,30
87.2,14
272990,40
81595.37,60
906,40
8560,31
100,30
10615,60
107,31
380,90
0,30
21,21
33597,30
575,35
431,30
0,30
75,60
39019,30
567,44
24061,31
11729,30
80,14
1,30
330,60
2238,30
1300,48
3892,30
14883,34
23,36
195,32
350,30
555,45
1406,35
335,60
1822.22,39
3301,30
0,15
1780,7
575,30
1070,30
1060,30
1271,31
7820,32
151,30
3001,25
136,40
0,25
46,30
3,60
0,30
0,30
0,51
312,30
1,30
25,28
650,30
339,21
342,30
0,60
303,30
50,90
720,42
2392,30
706,30
376,16
13435,30
1925,35
35,45
1194,25
275,45
137377,46
3338,35
0,30
256,30
0,48
1,60
2640,30
330,30
751,30
1347,30
85,30
1,30
15397,30
1135,30
1290.99,39
35,30
920,42
30,14
960,30
9200,45
10277,30
7575,30
80,60
30,30
19500,16
0,30
1347,60
10120,30
8785,30
2132.02,60
21785,33
6461,60
0,31
1014,30
280,45
85,30
28690,38
2540,30
400,56
590,30
3656,30
46,30
3003,30
19229,30
14,30
10145,60
1271,30
1525,27
2671,32
2163.66,30
337,30
57236.32,45
2117,30
3045,28
180,60
750,30
273.67,30
6761,14
0,30
0,30
18670.4,22
4351,50
1,15
1265,36
122,30
139.9,34
3642.63,28
3040.58,40
3426,30
2622,50
8447,31
3512,30
11820.99,60
10,30
63169.59,43
2311,30
30,30
6970,30
800,30
6160,30
3230.99,15
1,30
3972,45
330,60
2129.17,60
10040.23,16
450,30
56,45
26,46
1546269.5,30
12537,35
55,32
175,30
7343,30
731,30
4579,32
90,30
25,30
169394.6,33
5406,30
0,30
81,30
4260.99,31
190,88
6890,31
0,35
2335,30
0,35
0,55
0,60
26278.23,30
15164.26,32
37,60
6370,30
25,30
52,60
4068,25
5347.1,21
250,60
5,60
35,60
55,45
43858,45
3293,30
0,30
180,60
295,30
0,30
1665,30
8549.8,42
10001.44,20
1436,16
6495,29
420,30
0,27
711,30
17414,30
0,30
4339,25
5195.99,53
359,33
102801,44
2106,45
0,27
3732,30
15970,33
504,30
5045,44
6020,14
2021.43,15
1497,40
0,30
61743,30
1200,27
151,60
0,30
40284,28
8636.33,21
828,30
620,30
955,14
37340.54,30
21671,47
2051,39
5420,46
165,45
2876,38
1015,39
0,60
99178.99,31
1608,21
5415,30
10346,30
0,30
1591.69,30
160,30
1634,90
1,20
23728,50
9654,34
15,30
1406,31
5,40
1637.99,28
2340,20
0,60
1764,30
196,40
115685.95,29
6,7
275,30
12007,30
1,18
320,60
100,11
3514,30
20,30
5100,36
25284,40
8492,30
60,90
76,16
8628.05,30
335,60
0,31
60,60
1180,40
205,30
523,15
0,45
966,31
131,60
186,30
4739,30
6676.98,30
8496,31
21,30
10,30
554,31
1430,50
3034,58
797,35
15,30
100,45
7548,27
1150,17
589660.79,36
3730.72,40
25,31
0,30
0,3
0,29
15052.77,60
2716,29
50,30
118545,50
2375,35
2075,45
56878.5,55
45,30
27586,31
59,30
3380,33
1934,30
5475.66,37
75,60
400,30
530,20
7231,52
1495,64
20,60
564,31
2270,30
0,30
155,30
167667,43
0,30
160,60
11,30
7322,30
7861,30
0,17
0,31
252,33
3981,31
0,60
212,30
810,30
25,60
0,14
6454,30
82,60
0,45
111,37
0,76
131,30
1,30
56,60
220,58
4,24
230,40
8369,25
1,3
3670,60
383,30
1,30
10,30
1482,60
390,30
0,30
90,30
388,30
0,30
1752,60
2240,30
25,30
4359.01,50
16800,45
6620.01,31
1070,31
7719,23
0,60
0,25
941,16
0,28
2835,30
50,30
1294,20
100,45
0,34
2505,30
0,30
35,30
1060,27
7207,38
0,30
62,33
0,30
1,30
2555,60
4195,31
758,35
1012,32
1610,30
5024.22,35
8374.33,30
210,30
495,30
7012,53
5944.83,30
200,37
535,30
6970,40
7223,30
0,30
88072,30
8501,30
6720,30
806,16
8118,31
0,30
0,10
10251,30
0,30
214,45
1215,48
528,30
118,30
6640,30
0,60
5075,50
5,30
131,30
61,45
80,26
31337.04,36
12808,39
1742,30
5,27
19705,30
1212,30
640,45
2330,31
0,30
390,37
0,30
0,60
543,30
620,30
120,30
3020,10
100,20
50,30
10323,39
7078,30
297,40
387,45
1,30
36301,30
2500,18
1205,30
3784,30
30,13
1026,21
6513,20
3056,45
425,30
0,52
9864,21
18131,30
5252,60
0,60
3022,50
247,29
2502,23
477,30
565,30
0,30
25,30
1,28
113,30
2533,45
580,30
0,30
1467,30
570,30
1000,7
0,30
1000,30
1211,22
1035,30
31,60
476,30
10,60
5,30
1585,15
6,10
963376.53,44
60,30
0,30
22077,45
90,48
0,45
30,30
8909,48
80001.5,30
17229,30
10536,35
130,91
11325,45
40,22
397,34
3310,30
3790,44
77,30
2894,30
1005,60
148,30
701,30
0,30
31.69,90
46,27
1,30
362,30
55,60
236,20
11545,20
12638,32
1605,30
3375,30
3309,21
2655,45
3112,62
15061,30
0,50
0,60
640.83,52
0,16
11369.66,60
34312,40
342,40
175,35
760,22
3143,30
130,30
16780,40
6710,31
18460,22
1025,45
7731.33,30
2222,21
15,30
1455,45
627,45
3055.27,30
5121,34
25100,30
50,60
28007,38
0,30
0,30
2640,30
67,15
2650,55
2010.13,30
13091,30
30,30
255,90
57,30
2084.99,30
5,26
2666,50
27,30
0,4
1075,60
10,30
1309,40
310,34
0,30
0,30
1308,40
3000,45
0,90
6357,36
370,30
0,30
11,30
15599,30
25,45
0,30
3921,32
3601,30
10,29
946,30
1475,40
15,30
18674,30
1082,26
100,30
4176,14
0,40
17867,27
25,45
329,20
665.86,15
572,31
787,60
2,60
0,27
40,60
15021,60
2397,18
4415,30
75,30
573,30
8800,33
8385,30
0,17
269602,60
5,35
640,45
5689,21
27226,43
1,30
172,60
6907,30
0,41
648,30
175,59
55,30
1,30
17017.13,14
50,30
2293,36
217,40
2685,34
24454,30
10,21
733,30
1031,30
575,25
100,30
587,30
2291,27
1380,23
422,30
270,34
620,20
3510,30
464.66,2
0,51
11605,30
10,45
3000,33
933,30
100,57
10212,30
7900,28
8010,33
178,60
10255,30
3596,35
7718,45
3554,15
3150.11,26
0,30
35848,40
6342.25,21
4510,42
2,30
1,30
241,30
36183,35
6095,57
260,30
26085,40
0,30
177.29,49
0,30
1,15
24157,10
0,60
7308,30
0,30
4611,30
1207,30
163820.01,30
1060,59
15,30
25,30
0,59
495,30
1,58
59217,46
4010,30
6984,35
3191,60
2685,54
2463,31
1307,30
2455,30
0,14
205,30
20972.32,32
495,30
7700,35
0,30
25,30
1,30
195,30
140,43
0,45
50,35
75,11
751,41
1111,29
2855,30
168,30
4000,30
993,59
0,30
157,30
19335,35
1035,60
500,20
2386,30
1214,32
20,35
0,15
55,35
0,15
16,30
6050.99,30
0,60
0,31
25,60
0,21
0,30
38,17
17,30
25,30
246.01,60
25299.99,70
24000,28
2380,21
205,15
679,60
15022.33,22
1606,7
2035,30
5926,30
0,30
3560,40
62,30
311,30
7914,30
1055,34
3247,40
10,30
1456,30
9844,30
3170,30
10462,28
232,32
197,34
1646,30
12260.52,42
8219,33
5290,58
2700,18
7101,35
888,23
175,27
30225,60
715,35
3505.12,8
43833.41,31
0,30
25,30
735,30
10078,30
1676,60
11,30
1,10
1500,30
1,29
241,30
110,30
1760,5
35,30
79,30
26,30
5,30
625,30
0,30
550,30
5549.53,30
102,30
270,15
1280,21
5965,25
900,30
0,45
2010,30
611,33
97,30
5136,45
750,36
237,30
110.66,30
6255,30
60,30
1000.69,31
1530,16
260,30
1659,90
0,30
0,30
70,25
231,30
291,24
1511,10
535,31
1125,30
6882,22
0,51
725,45
6026.73,34
0,30
1110,20
0,45
45,30
5192,30
95572.77,35
0,30
5307,36
6586,30
96920.51,35
7720,31
5465,45
14251,30
20637,25
7126,21
30,39
715,32
756,41
2663,30
5,60
0,30
816,75
85,40
585,22
3031,37
715,30
520,40
9130,30
125,51
50,34
37406.38,30
1138,33
0,12
1534,30
51,45
25,60
1650.08,41
640,30
1025,60
1550,28
1,45
2830,35
0,49
22350,30
300,60
155,12
25,60
7,30
0,40
0,30
16175,30
423,30
5,33
5,60
0,44
3417,30
15623,30
1,30
71,30
225,30
2585,48
0,36
0,7
0,30
70,40
6329,55
1191,30
4402,40
5595,28
4630,42
280,45
3065,30
2614,30
916,40
1241,60
7675,60
5058,26
531,34
0,30
2319,30
604,30
1043,35
15511,31
1610,32
1,30
13126,60
884,23
101,45
226,30
5188,29
20,30
5,30
800,31
1,30
1665,30
6087,41
2500,31
1200,21
5010.31,14
400,13
119,45
1855,38
0,21
35851,29
15542.77,31
2023,30
185,30
8603.45,60
0,30
1561,24
215,45
28200,40
30,20
0,30
488,30
0,22
5111,30
51,45
0,28
0,36
20869.11,32
1555,49
3117,31
90,30
91,30
12447,30
34302,36
1632,20
1650.68,39
511,46
110,25
2318,25
15,33
68246.77,60
871,52
0,30
1152,28
1861.02,44
850,60
0,25
255,30
312,60
21284,25
3056,31
25,30
25110,30
200,30
100,60
706,26
0,14
0,30
5385,43
1,30
2516,30
17540,30
10969,30
1085,21
250,33
7240,27
76,60
1540,30
37,61
389,31
2,60
2590,26
6,30
390,30
3635,30
14320,32
5,30
1861.77,22
245,45
14677.66,35
20,30
18651,30
0,30
685,30
3086,59
0,30
56.5,15
1266.99,32
1048.66,28
5033,60
45,30
3501.47,30
0,60
1,60
5710,31
155,60
2335,54
2132,30
130,30
1785,30
25037,30
40,22
7,25
50,8
245,26
2,30
630,54
6230,25
1370,30
30,51
91605,32
915,30
240,35
0,30
9381,30
725,30
4169,60
11415,45
0,31
2003,90
55,30
1895,60
0,30
63163,60
0,30
10389,32
36,7
1009.99,31
25412,30
10081.93,22
780,40
155823.23,45
1870,21
577,35
220,30
513,30
5153,31
496,30
572,28
5080,50
5836,30
0,30
1134,45
35,28
5011,60
0,45
2186,21
20565,27
8061,50
100,31
3,30
53,30
17635,30
0,10
12176,34
100,30
0,60
2130,37
182,30
237,30
10789,30
35146,30
680,30
5020,10
74354,40
1560,43
0,30
460,60
4377,26
25,30
105,30
5,30
0,60
1136,10
1217.37,29
4554,35
71,30
150,30
15368,31
13,30
0,31
3323,35
25,30
257,60
892,30
55,30
617,45
245,36
12713,91
369,30
7314,48
1010,44
1184,60
0,30
680,30
130,60
18,45
143,30
1,56
278,30
14,30
2578.11,30
0,30
0,60
0,30
35,15
781,30
275,15
1042,25
3832,31
6,45
120,46
1221,30
800,45
65,31
65,48
13316,30
176,30
0,60
1760,32
2520.66,50
0,32
2,60
4791,30
0,30
6285,45
1069,30
21,30
200,30
0,20
3418,60
11639,30
7029,28
615,30
7508,25
30,30
6737,46
10018,30
3320,11
1230,9
32226,30
3713,30
1003,9
0,61
3500,45
85,37
11.11,45
0,29
2265,30
2117,30
1050,30
200,30
280,35
1734,28
51000.15,30
0,30
3300,30
3,35
1094,30
85,42
115,35
432558.5,37
8541,30
0,32
400,30
0,34
413,30
2604,62
95,30
48,60
440,31
120648,30
15,30
2201,30
1115,61
150,32
56300,30
11662,33
10,30
0,19
0,30
1815,30
226,11
2449,45
226,29
9147,30
1,30
8385,45
710,41
35,30
1090,30
6804,30
2022,17
5136.99,30
0,45
34101.01,17
2925,36
3470,42
50,30
1495,35
103,30
415,33
6155.66,25
255,30
2388,30
3085,30
1735,27
150,45
395,40
50457.81,28
255.5,30
290,30
7,45
110,30
0,30
5484,30
663,25
0,25
1909,30
1,30
375,30
2115,45
12264,31
300,18
80,30
1575,55
11238,39
8277.11,30
1700,15
0,30
40,30
669,41
10684,45
112,28
0,30
1,37
5203,30
130,21
242,21
0,30
662,31
26,30
20,30
160,30
10,30
600,30
0,20
34164,30
563.44,60
0,60
412,40
1,28
546,14
10276,30
1299,35
1229,30
436,30
32627.44,30
2900,23
803,30
3080,30
6660,32
202,21
0,29
5,30
1142,59
3225.19,17
11185,25
390,21
139,30
16912,30
36,30
12520,20
661026.77,30
1809,21
50,30
0,30
531,60
5171.23,86
268437.02,30
51,60
1622,30
523,30
3241,45
3433,30
11,30
395,32
3539,33
1000,30
5000,30
2617.26,31
57,30
5595,7
4541,30
92296,30
1017,46
0,30
4706,30
5,30
20,30
161,14
245,20
17610.55,30
5867,90
10,58
1,29
1,30
1862,60
18866,30
5110,21
2845,45
0,60
155,30
0,40
1636,31
8726.66,30
5206,30
10236.38,31
15308,39
1360.99,38
645,45
0,30
15,30
25182,30
51,30
7421,31
2685,30
9620,25
291,32
0,54
3852,30
14411,32
1752.13,62
840,30
5686,30
343,28
161,31
0,30
390,30
22706,10
0,45
2535,30
5663,26
0,60
40593,37
0,30
10621,30
1003,30
27867,60
2550,18
145,30
200,17
55380.11,22
513,14
1691,30
1,60
0,45
0,20
2200.1,21
5089,30
0,59
11,60
435,60
206,30
42591.78,30
6206.99,30
4956,30
610,20
7333.42,30
2,30
1,44
1,30
156,19
805,64
7397,30
0,30
314547.5,29
4390,15
350,10
12189,30
100367,30
1307.78,30
700,29
298,32
0,30
2391,31
2605,21
18825,32
10474,60
6306,30
16823,32
610,35
23065,30
6930.01,45
761,35
129,30
1005,30
1204,20
10690,31
1142,31
12542,30
50,38
1661,30
375,30
17.5,30
51,30
300,14
40671,33
0,30
551,30
2440.06,30
2718,30
75,21
1367,22
71,30
4440,31
0,30
1,15
81,30
2300,15
600,20
752,32
696,40
1,30
32821,30
1060,49
0,41
3971,30
121743.77,31
0,30
1070,20
330,30
0,20
2651,21
27688,18
7322,30
239,60
2185,60
3055,31
1753,14
10302,30
25,30
0,40
591,60
1,30
830,38
0,29
50,30
0,30
130,28
115,20
48,30
6300,30
2635,60
1012,35
5200,62
49,30
3042.64,31
25248,30
43876,32
22730.35,60
20,60
2005,17
0,30
0,20
0,15
619,30
3401,43
27137,30
22708,33
85,30
16033,30
1700,30
5688,31
0,30
700,6
0,15
75.01,45
0,60
1,30
836,28
13521,45
10,41
25846,30
75,22
200,60
1498,7
0,10
1180,30
87529,55
2179,29
2346,30
4346,35
705,28
740,22
1321,60
0,21
2621,32
285,30
34972,30
16383,30
3868,30
1250,40
13935,31
50,30
1403,30
0,13
15,30
537823.5,32
50,50
75,30
2,30
300,20
1994,30
3977,35
622.27,27
10101,42
1980,38
13,58
120,60
52,16
271,60
17532,30
7438,31
1103,30
7352.33,25
80,58
6297,30
1,30
56,60
655,30
15,28
650,30
1410,30
1240,17
5196.8,66
9756,30
1,14
307,30
1201,40
6164,60
543.01,30
375,30
40,30
0,30
513,40
25,30
825,30
225,30
58,60
0,33
11,30
30925,22
200,30
0,30
5324,31
1,11
0,30
600,15
10,7
11933,31
12208.66,58
62,30
7315,39
47,60
24461,60
3005.33,30
0,30
9114,28
2681,31
30070,30
125,26
187,30
1265,30
3575,33
12336,25
5015.58,29
41,45
1,60
5,30
76,28
55,24
2460,30
0,30
0,45
17845.69,28
10070,22
461,15
25161,31
150,60
50,29
1290,60
1342,30
10,29
13576,31
0,30
208,35
11118.68,30
327,30
6840,28
1878,20
0,59
30243.75,33
170,18
116,52
685,67
810,45
23470,30
57,30
347,50
5857,30
545,30
3361,15
86531.12,32
1563,30
7000,30
2443.55,30
4000,30
110,41
2610,26
1450,34
2606,30
554,30
0,30
83957,30
75,30
3297.66,60
1,30
31,14
1,7
10839,30
5075,58
55,10
9087,19
1010.13,30
5378,60
159,30
1,30
12776,20
7133,40
5204,31
14658,45
1056,27
10,60
1754,25
746,45
1,60
791,30
1275,34
24032,30
30,28
2037,14
165,30
355,25
20604.01,30
0,30
0,60
1426,23
40,60
59870,28
0,59
19120,30
125,60
748,60
13495,33
570,30
2150,32
2410,30
6212,30
10,30
22,30
3539.26,30
33,7
15,60
1410,60
1595,30
55,15
305,30
0,60
693.66,60
1094.44,14
846,30
26151,43
10,60
0,20
5061,60
120,48
1436,30
7505,24
0,30
196,26
2106,30
465,45
20,30
500,30
12257,30
1,30
0,30
1680,30
50,31
250,30
3915.3,30
255,43
422,30
24701,40
6184.45,36
6906,30
63716,30
11108,31
680,57
1542,30
36,60
11550,30
320,1
51400.36,30
12286,60
1,32
280,30
0,30
1,30
800,60
6465,20
0,60
1332,15
3532,30
7830.01,45
1700,65
10610,30
1233,30
14159,60
3533,30
669,30
6960,30
486,91
1925,38
8701,30
117529,46
2182,30
5035,30
0,20
1340,32
2079,29
35,30
0,60
1463,30
2660,41
6,30
25,30
0,30
1547,60
215,51
20,30
6755,29
18197,32
2000,33
6235,51
0,38
200,30
16343,41
201,60
15845,37
121,60
5,60
0,30
4850,35
23904.02,30
4150,32
1,30
1123,32
30,38
4103,41
36,30
1630,30
2530,41
1615,51
0,30
2856,30
5,20
16200,28
1666,40
5501,30
1511,40
5,30
943,30
40441,37
5011,60
100,23
4545,90
0,90
350,60
0,15
5335,30
1005,28
175,45
210,32
6140,31
10001,30
2852.66,30
2785.69,21
180,21
3150,30
5920.88,30
0,59
10375.11,30
0,30
0,44
0,40
2,30
192,30
1161,60
1450,60
2290,25
69,45
1,9
52779.25,30
6355,29
7,30
0,26
605,30
20,30
5310,20
207,30
1520,31
40437,30
5010,30
2152,45
1579,45
5,60
426,30
5,30
575,30
4355,30
2027,32
0,30
13010,30
264,30
3156,60
1026,30
0,30
101,30
1224.18,30
6372,30
1,30
10027,30
11,24
6990.66,30
6028,20
1003.1,30
0,30
71,30
6023,30
11469,37
25,30
8680.69,30
5355,30
11772,31
80,60
1563,55
25,30
10915,28
100219.98,30
0,60
580,60
32035.51,30
75,30
200,30
2,60
9669,41
4915,60
50,30
66,45
0,30
0,30
284058.28,31
4,30
81,60
0,29
5660.01,34
1028,30
13602,42
1150,30
13782,19
1030,11
529,30
3178,30
5635,30
321,30
0,30
0,60
0,30
1,28
25,30
7214,30
185,30
12442,33
1210,22
1998,34
1800,30
6001,30
741,31
5436,30
1622,40
1815,30
17332,30
70,90
480,40
8385.88,28
325,30
866,40
840,45
7000,30
0,60
495,30
3150,43
358,30
10037,30
50,30
55,15
5215,30
25924.25,36
4000,30
1606,30
43057.99,30
3786,24
772,24
0,21
5712,45
73,29
405,31
9164,30
2205,20
2153,30
5940,30
3418,30
271,40
10,60
89,60
104,30
0,60
0,45
0,60
15475,30
2250,17
401666.78,30
22485,30
6,15
20255,32
11,37
0,15
170,30
65387,60
557,30
3999795.77,28
305,30
6910,30
556,45
922,30
3210,30
4944,30
1335,32
10135.75,60
301,45
30,30
1568,30
66,51
2954,33
3358,41
5,30
709,36
275,30
6425.06,5
561,30
155,22
1920,30
1060,30
1909,30
0,30
0,60
220,30
200,27
3208,30
317,30
111,30
550,30
0,40
75243,60
2380,14
881,42
2045,54
0,15
4095,28
650.45,25
3110,30
7194,37
8479,29
11489,32
6035,30
1375,30
340,18
81,60
1555,43
0,43
0,60
1,60
26,3
50,30
16763,45
315,30
492,45
7040,38
0,60
1663,30
6237.5,60
1127,60
96,32
5106,32
12220.1,30
14185.18,29
575,45
25,30
30910,30
131220.67,30
530,25
0,15
765,29
1065,18
300,30
821,54
600,30
8761,59
1,60
2026.21,34
50,30
35,45
0,30
3900,31
26,30
29,30
1322,30
2676,30
669,26
15650,30
2231,31
7754,30
14808,30
1382.11,30
534,40
0,30
25,30
24688,24
0,45
357655.82,45
7771,24
958,45
163,30
2200,66
260,30
0,90
2500.27,50
1115,31
6534,12
13789.33,37
947,45
457,30
9074.27,28
8520,54
95,31
40,60
3105473.1,30
2600,30
101,30
7545,19
191,30
275,30
11,30
1576.81,30
561,30
11710,35
10,30
230,30
1016,46
1528,21
2249,28
1,38
5145,25
335,21
3,60
20,60
0,15
4612,30
10729,32
2025,16
2575.09,22
10355,30
1126,30
3873,30
1275,28
12584,30
310,28
5595,26
500,6
904,28
125,60
0,30
1300,35
26352,60
76,30
320,60
1,30
50492.06,53
16348,31
1204,30
25,30
0,20
32,32
90,30
274,27
30,30
0,30
10143,30
52.75,30
4119,25
115,60
61,30
52476,30
1514,28
1380,35
0,89
0,30
20,35
4330,51
64987,29
28,9
1,31
0,7
106,45
0,60
0,56
938,47
22190,31
2540,38
1270,30
100,60
4354,40
4276,45
23236,43
2016,30
5,21
0,29
25,60
78,20
295,45
2100,21
2561,35
10712,30
0,30
1,45
5170,26
1260,30
0,30
244,30
7362,30
1042,30
2650,31
2220,46
1486,45
5,30
385,34
10350,30
237,35
0,59
20318,38
2325,60
8366,37
1355,30
445,30
1050,30
0,30
0,30
3590,40
150,30
0,60
4726.25,30
298,61
5215,44
1,30
105,60
1639,13
2166,30
8039,25
1565,30
1090,30
2833,30
0,58
3333.66,10
1858,30
24183,40
10010.44,60
5615,38
0,30
29406.05,30
5,34
1075,30
200,30
140,31
270,60
222.02,30
0,45
0,45
3593,32
5,30
7751,60
10,30
0,60
583,30
12,30
143,30
180,30
30,60
50,30
0,60
3617,54
30,58
15122,40
210,60
50,30
4798,35
4095,30
1,30
1,30
0,60
48907,48
377,33
5641,31
5,30
2500,30
2818,30
1014,30
3065,32
515,40
2515,30
698,53
76163,52
5261,40
8782,45
430,21
2128,30
5662,30
0,21
62840,33
225,30
6768,30
24771,35
2137,30
70,60
70,60
6530,45
16695,33
125814.73,60
305,59
3357,30
26271,18
2537,30
16136,40
7967,30
0,30
1634,21
21,30
657,35
27346.99,30
8040,60
5740,30
0,30
35008,31
1937,45
0,30
135,18
26,30
10930,30
2075.08,60
4166,42
30431,32
250,39
5030,30
240,30
766,40
290,30
1488,30
5626,60
610,45
45159,29
1608,33
483,32
5365,30
5842,30
10100,32
25,41
5892,30
0,30
415,30
190,30
9295,30
1902,30
50,35
0,25
5,30
510,10
0,60
300,30
575,45
13170.84,28
260,60
0,25
2762,39
76,60
0,30
1410.3,30
357,30
4036,45
10,31
1209,18
3260,62
3347,30
1235,49
20545,46
75,21
0,30
1085,35
2171.01,35
428,33
0,56
455,30
2925,21
2653,32
30,59
0,60
2010,53
265880.54,35
592,32
0,30
12920,30
1,30
0,45
1482.16,45
5025,31
6248.99,30
1061,45
20,19
15636,21
383,30
22045,31
0,40
52,30
216,30
268,30
28026.73,18
1611,32
0,60
1416,30
17,30
3748,60
980,30
8385,32
1006,30
1,60
5460,30
33,15
1,10
265,30
205,30
50,30
17332,32
12230,33
0,30
1500,29
460,90
0,60
0,30
637,30
196,91
6,30
69,35
900,30
11439.66,45
251,30
1368,20
633,40
111,60
705,50
10,6
0,30
1526,30
15320,30
400,30
0,19
60,20
710,37
1183,21
5101,50
120,30
2205,30
2772,30
2605,45
0,30
0,60
42557,31
33,20
1,20
1447,22
411,40
95,23
14348.33,30
137811.76,35
1176,31
120,60
526,30
2686,30
0,60
109,31
15072,30
0,45
86,30
777,30
143,30
3175,31
700,40
25,30
2736,46
51,30
640,13
0,55
1133,30
44183.99,44
190,45
0,30
70,20
13093,30
0,29
7694,30
0,60
1922,30
0,30
15038,47
35,60
1562,30
1016,30
1077,40
241,60
0,30
2205,26
0,30
7539,32
0,35
0,66
108,4
0,30
6,30
6381,30
800,31
4574.61,45
2,30
255,7
639,30
2664.11,30
7654,8
5231.95,35
762,30
3411,26
16925,30
0,30
500,10
241,30
60,86
2169,30
1450,18
75,30
32730,28
4,30
1040,33
590,30
12350,30
5290,38
0,29
4410,30
180,30
2025,36
6,47
6025,31
0,45
0,30
0,10
2557,32
122,60
39764,30
5096,50
545,16
2,32
0,30
10405,30
30756,25
6085,33
0,30
4737,31
250,60
9333.02,30
5170,30
2030,30
0,30
1701,30
56,43
15858,31
2231,35
9145,30
1455,30
10240.53,90
4782.69,45
3154,31
201,60
110,28
0,60
726,30
325,31
500,28
10518.1,23
492,60
118,45
0,45
10770,50
5394,30
2540,10
20316.58,55
7061,17
600,7
0,60
1175,30
3646,40
10,21
360,17
0,30
358,30
5673,21
283,36
6,60
1020,30
100,30
1607,24
0,23
2184,30
100,30
0,30
551,45
0,30
215,30
10268,40
10,32
1137,30
360,45
25,60
3876,30
1005,30
60,30
16518.69,45
105745,30
1,30
30,30
0,60
5568,40
10475,30
2801,30
10,35
0,45
845,30
856,51
842.23,30
48,30
540,26
1001.77,21
5588,30
12577,33
3550,30
902,30
22,30
15511,31
1,44
1708,21
64563,30
153,25
3515,30
57124,38
869,30
3390,34
125,30
11663.6,29
2201,45
0,49
10005.12,90
5795,23
35,30
13599,31
35,24
2985,30
20,60
550,30
10275,90
12127,30
282,40
4424,30
2346,30
2162,30
35,30
400,30
158,7
25,30
6685,30
768.88,30
45,30
35936,30
79744.47,30
0,30
495,29
105,90
8149,45
6,30
2826.43,16
0,30
312,30
0,30
3509,45
0,21
0,30
8474,26
34,60
260,17
2390,25
0,77
1102,30
8183,30
15293,26
47775.66,29
3123,30
355,25
301,30
28,19
2242,24
0,30
125,30
5,25
85210,31
3580,30
56624,29
105,31
0,30
0,24
0,30
3571.69,31
353,31
410,35
1254,41
28091.55,30
2000,41
12100,31
1740,30
0,60
10025,30
2683,36
0,30
430,30
52,30
0,30
5,60
7913,30
5219,35
3678,30
18870.5,30
7561.39,30
380,26
1,30
0,30
768,30
915,60
20,30
6577,49
10668,27
10,30
10,30
67653.1,30
5910,30
350,16
18826,20
501,36
10941,34
5398,60
210,34
10146,30
9140.01,37
125,30
279,30
200,25
2650,35
0,60
13403.01,30
2179,30
390,30
0,39
0,60
230.01,30
10770,60
489,30
13695,40
1256,24
7897,40
418,45
98,30
710,40
32525,39
1163,40
6074,30
926,20
162,30
0,45
2593,30
50,30
0,22
860,60
10961,86
0,45
3170,30
1,51
25,87
135,30
1065,21
1525,21
12668,33
336,30
5035.69,30
0,30
0,30
5906,30
3119.31,30
426,30
2661,40
693435,30
3139,37
28,30
3854,30
0,40
225,30
60,30
5027.5,60
5255,20
200,35
4223.69,30
1020,42
2002,30
2176,30
2067,30
6540,30
766,45
210,36
15628,22
5,31
75,30
0,30
157,45
1197,30
0,60
1220,30
871,30
51,30
40549.03,30
356,16
219,30
30,30
5319,30
1291,30
51,30
10160,30
6207,30
155,30
11658.51,21
1517,35
6840.32,30
0,30
0,30
0,45
983,30
3000,30
162,48
4151,30
0,30
0,33
0,30
8,20
4695,60
4076,60
713,38
2191,30
166,60
76,21
177.43,52
0,30
228236.01,37
3182,30
40435.87,42
6202,28
0,40
75,17
695,25
125,45
3170,30
2150,30
1,45
0,28
0,30
1155,35
1216,60
260,60
667,34
0,30
334,30
0,45
55,30
497,30
36,45
3626,30
371,41
4140,29
0,30
690,30
23,30
5075,22
7888,30
1,40
2255,39
10220,60
1195.33,60
4934,35
1836,40
0,25
9473,30
5,30
6444,20
20,30
3565,30
390,16
0,23
40201,30
3000,40
30,30
10,45
3696,42
300,47
5422,30
25046,60
86,30
6471,30
45,39
11411,25
50,30
50,30
75,30
26,60
0,30
7145,30
2585,30
498,30
25,30
1087,37
2253,38
1857,60
50,89
22775,20
545,25
0,45
6845,21
1933,22
1132,33
5,30
503,28
1655,30
19325,63
125,60
310,60
1645,30
125,46
306.77,26
2341,30
120,45
39,30
54877,23
0,30
259,30
6906.08,45
2705,46
192,21
7109.01,30
6389,30
1675,27
0,40
11222,30
2051,30
23,17
81279,30
4093,45
25,14
15189,60
11145,31
393,23
28048,34
105,30
16,51
0,30
11586,28
7505,30
21194.19,45
11497,30
0,30
3866,90
125,45
640,18
100,24
760,15
5228,32
5185,32
7,60
125,31
166,25
11385,31
0,7
223.88,18
1561,60
35,30
99065.49,45
570,60
0,29
0,15
109,30
490,27
88936.01,34
1,24
1000,23
6562,40
300,90
0,30
8385,1
1924018,30
9935,30
38187,45
37,30
2622.02,37
80,40
2768,15
781,28
1037,30
315,30
322697.96,30
2887.23,30
5801,30
725,13
0,60
7997,37
3060.5,60
0,20
2850,23
121,14
15542.11,30
1855,40
2740,31
0,30
0,90
6249,30
3005,52
14865,32
0,30
2080,30
403,30
30,30
144682,30
1325,60
4704,30
11258,30
350,30
0,30
1,60
2033,45
600,30
229958,45
0,62
295,30
46,30
2056,30
0,12
1,15
85,30
3385,30
0,45
6318,30
240,45
2718,30
1370,25
37276.82,38
5055,35
14011,30
160,59
900,29
740,30
3844,21
10397,30
10,45
4155,61
1542,21
23228,30
3300,29
0,30
8264,56
20,30
13384.18,61
1895,60
8250,30
5196,30
81921.88,38
225,31
10876,29
25390,32
31803,30
567968.41,31
765,20
5,30
2620,30
15,30
11650.55,30
441,30
4497,31
221,60
381,30
2504.34,21
31410,32
0,30
250,29
0,30
21022.25,20
585,8
1241615.13,45
8858,45
52,30
5301,59
3705,30
213,35
1400,21
9822,30
56,60
690,15
4212,60
17190,31
1480,30
13267,25
173,9
2000,60
515,20
0,30
343,30
60,30
240,15
0,30
15158,30
4624,30
245,84
1950,30
1865,14
0,30
2176,30
1,45
16609,30
25,90
6256,31
23150,30
46,29
25076,30
90,55
1471,30
0,30
1950,57
17926,30
574.69,20
9182,30
68,30
2115,44
5617,30
1,30
130925.6,30
3926,21
16118.05,32
205,60
5055,30
0,31
396,30
47,60
0,59
3018,30
26,36
17963,45
484,30
2186,30
0,60
3233,30
86,30
129,30
1,31
579,45
778,45
850,12
189,30
0,60
13437,36
0,30
100,30
100,35
514,30
5266,30
391,49
4275,30
2660,38
10797,59
5587.4,60
335,32
255,35
0,32
18,30
0,30
50,30
110,30
1283,41
500,46
1100,30
2867.4,40
7575,45
629460,19
609,29
360,60
3186.66,30
28,54
0,30
5907.25,30
0,31
1,30
0,25
2476,46
85,35
0,31
191,30
170782,40
1735,45
393,21
5250,32
1908,20
2,30
1,30
2516,30
1,30
51057.39,31
1131,45
2017,22
1895,31
0,21
85,30
308.19,30
0,60
650,30
12,10
910,30
1461,30
4710,35
7703.85,30
5481,34
7789.99,20
5375,24
0,30
876,35
1137,30
86.5,35
3305,32
2,45
40,30
11351,30
6493,30
552,30
30,17
836,30
6041,42
178,30
0,60
0,30
0,30
0,30
20,30
0,60
260,90
1270,6
2091,32
174,32
21500,33
100363.6,34
1410,22
50,45
4749,30
150,30
13303,60
343749,30
15,41
43,30
12,30
2085,30
40,60
6580.75,23
10012,30
2205,30
45,30
1260,41
6236.56,56
409,40
70,30
7,30
16086,31
18820,30
1973,30
32547,36
549,30
12820,30
1275,30
957,44
2450,36
650,41
3706,20
4527,64
1711,60
0,30
22,25
7159,30
31448.52,30
6621.11,30
0,30
884,34
2107,25
701.02,35
1146,30
0,57
0,60
633,30
616,15
7410,21
1890,15
584,30
35,30
25005,24
6493,31
323,31
2815,30
26368,53
0,30
0,31
1486.13,84
71353,30
20528,30
5375,30
0,60
10,30
26992,38
15135,45
30,60
3314,30
645,30
3090,25
2572,30
924.2,30
996,60
3292,30
17426,30
7587,29
8369.11,21
10504,25
5211.42,33
2310,30
1,30
0,40
0,23
11075,60
100,38
77,48
50,30
13238.1,60
3514,30
6104,30
2116,30
8326,30
16,30
8050,30
564,14
96583,36
301,60
4965,54
4590,25
0,30
7731,27
26,30
617,16
2246,60
9633.5,34
1141,25
3600,30
0,10
3066.69,30
3012,60
16001,40
0,30
0,30
300,30
8820,10
707,30
16435,30
823,45
3150,38
30426,31
550,30
2492,35
68319,24
954,52
7,60
5036.07,48
0,45
8722,60
7256,30
5151,20
76,27
105,30
0,60
0,28
0,30
2858,31
0,30
1071,30
790,26
10626,33
359,30
7220,31
51,30
15527,30
206,10
0,30
7551,30
0,30
1604.74,32
196.51,28
44194,30
2097,10
15595,54
0,33
499,30
472,30
37749,31
1075,30
4780,16
9551,30
3256,33
50,60
1720,30
340,20
9001,30
1253,30
30,30
1106.64,30
486,30
3136,29
0,90
7593,15
6125,39
9131.77,90
24752.69,14
6120,17
2010,35
86277.56,35
3025,30
817.05,37
376,43
70,40
0,30
1,25
286,24
1665,30
25,30
320,30
9975,30
3940,26
18125,21
3603,30
20,30
251647.74,31
7826,30
0,30
5000,21
943,31
6322,30
600,55
3085,30
8712,40
166075,32
500,30
0,30
466,35
23582.57,30
6975,45
12,30
0,30
2181,45
645,45
8875.33,31
15539,30
110,50
327,33
20572,30
602,30
0,16
12,28
4401,21
0,30
463,40
600,20
90,35
0,60
6023,30
922,21
106,57
695,30
1475,30
7979,45
5000,30
2070,90
0,30
3720,30
9740,30
7105.5,90
2000,61
53,60
5,30
6140,35
22796.03,52
15058,30
16228,30
5,60
7000.03,30
3750,30
0,30
2610,39
111,30
2204,30
3164,14
329.69,33
370,30
449,7
1,53
6465,30
220.01,30
20626,30
29,30
720,30
250,30
250,30
45,30
1511,29
0,30
2525,30
6925,30
45,35
458,40
1313,20
56194,32
0,30
3000,30
641,30
340,60
2283,30
0,20
0,35
6,30
0,33
115,33
0,30
290,31
3061,21
100,21
0,44
0,30
1018.66,29
1691,45
1972,30
0,60
5,30
25,45
2165,30
0,30
8791,31
5195,30
1270,15
848,30
0,15
815,30
658,30
1565.99,15
792.14,60
1930,30
848,40
3116,30
10615,30
1310,30
2313,35
1001,91
3000,30
160,30
27075,30
8505,30
875,30
16,30
2820,32
13014,32
171,30
1391,30
9.35,46
904,60
3310,30
125,30
39,30
8919.01,20
42,60
500,30
2710,30
3535.99,30
0,30
4500,30
20,20
110,30
12909,30
0,45
3085,42
16672,32
1255,30
0,30
0,35
6399,30
167,45
3021,25
10,30
0,30
41,30
350,60
43,30
0,60
9354.35,30
1,60
709790,49
6,35
65,30
10369,20
5267.5,30
2010,30
4755,30
3029,30
28278,34
4565,36
25,30
233,30
108359,30
570,30
20994.33,32
41163,20
7610,31
467,60
101030.36,30
0,25
6,60
6420,30
345,30
21329.01,64
2885,50
0,29
3653.46,47
2567,45
15,7
1565,48
6154,40
0,30
4800,66
42657,38
437,33
1128,10
0,30
75,15
1216,27
514,30
213,32
6530.5,35
875,15
382,30
16399.62,25
348,45
10,52
0,30
665,41
3400,30
572,36
21210.01,30
42,45
3304,30
1165,30
10841,30
0,30
4500,45
1076,30
50,30
11754,31
0,30
30664,30
1096,30
1366,16
210,30
35,30
1460,60
58,30
60,60
926,12
241,30
921,21
13037,15
7446,30
3274,43
435,59
0,30
1254,30
137,30
1917,21
440,15
236,30
0,30
2232,40
0,60
0,30
7900,30
0,30
0,60
3,60
1357,45
20680,31
3536,30
80,30
471,30
0,31
0,30
22783,40
0,30
1542,30
7050.16,30
398,30
5534,35
5035,30
7560,21
195,30
26,30
1000,26
725,18
131,26
500,41
530,40
507,30
12806,22
3500.76,21
2576,45
1,30
580,60
82,30
1370,45
72,17
5931,30
465,60
37,30
1209,35
3021,33
2077,60
281,30
5405,28
5013,30
3012,30
397,30
0,30
134,30
5886,30
809551,30
75775.88,30
205,45
0,90
1811,60
0,30
15,39
0,30
3971,31
4710.82,12
30,30
17493.25,57
0,60
1677,30
1,30
10,30
1396,28
701,60
5,60
50,30
2326,14
100,30
36,44
4339,30
17460,30
7,30
313,30
45845.69,30
75,50
23509,30
0,45
587,30
7042,30
197,30
3031,36
168,14
100,31
30,30
1495.99,19
9205,30
145,26
29299,30
4270,30
826,33
3490,45
1315,15
675,90
21127,32
0,17
2,46
0,14
6786,41
4830,30
19458,37
1180,30
53419.65,45
371,30
1345,35
6306,30
128,31
27289,43
1016,30
3449,30
3039,17
365,45
185,33
1042,30
0,50
11,30
37,30
3055,48
6551.38,60
9895,23
2282.5,37
31,30
74,30
20,20
106.5,30
176,30
10,30
35,30
2836,30
12376,28
2020,43
1,60
17675,30
471,30
0,30
53,30
2381,30
120,90
1784.36,60
100,19
300,35
7578,20
1,30
1156,90
0,14
0,30
525,21
0,30
2374,30
0,30
260,45
62436.3,32
1,30
381,21
0,30
310,60
9963.43,30
3176,35
2110,60
415,21
2581,30
1826,60
805,30
4025,33
4,12
15,36
10,30
7478,32
1686,30
12,45
3905,30
0,30
48,45
1625,20
2750,31
414,26
133,44
5,30
3104,30
19000,29
1227,21
9076,54
116,32
5004,30
4125,30
1880,35
134,60
9300.01,30
5586,40
1885,14
347,6
1770,31
0,30
10258,40
100,14
0,30
0,60
15435,40
0,90
1875.66,33
481,40
10,71
40,30
30089,32
1570,30
766,7
1129,15
2206,30
0,30
1665,36
2810,60
1001,34
697,70
18721.51,36
101111.22,30
660,46
26,53
54,30
13244,30
10940,37
0,30
0,60
20,59
105,30
1,30
0,73
1260,65
3691,30
36127.5,29
0,30
878,30
3520,30
2584,60
5360,42
60,30
926,30
520,42
435,30
8881,44
1347,30
2671,25
41530,30
35,25
1,30
0,32
2205,30
2689,45
0,30
9619,29
0,30
1226,35
1160,15
0,45
59,45
32448.5,30
1242,35
2186,21
3581,30
620,29
18913,35
23539.01,31
50,30
7250,60
0,40
27400,60
0,40
4060,32
60,20
0,8
200,31
0,30
2362,45
2525,30
3965,30
0,30
9069,30
11739,31
23,30
266,60
202,30
1545,30
305,30
175,6
15542,27
2415,45
551,45
2148,41
745,35
43320,60
0,30
50,60
10,58
5264,30
22793,20
225,30
500,30
12,18
674,17
7045,30
1641,15
1867,25
12129,57
2300,30
1,30
0,60
447,12
4295,36
28959,30
0,15
2015,40
5440,30
20,58
1092,30
34096,23
250,30
5603,31
0,30
8270,45
1075,9
185,60
126,30
4560,30
4185,30
1,30
1842141.69,43
90,43
840,60
40924,30
3941,15
7,40
66,30
1800,30
13,6
55,30
25,28
31496,45
0,30
12071,30
84002,42
513,35
90,25
4249,89
0,30
1710,20
14191.33,45
28034.74,31
1500,58
11327,34
10914,45
3415,41
0,60
0,30
4227,29
165,60
3034.74,90
37,45
1313,31
150952,45
3675.81,34
0,30
12,30
1022.95,30
886,60
717,30
3015.01,32
18547,30
2881.32,51
82,19
10212,29
3205,60
12,30
1640,35
4115,25
697,30
537,30
3365,45
3345,30
660,60
592,32
1275,30
0,30
240,30
569,30
3245,30
0,30
30,30
10190,10
61,30
7670,1
0,30
0,30
20605,41
875,30
26,30
470,19
12381,30
0,30
1149,30
20526,33
0,60
35180,30
260372.61,46
20392.8,31
4331.01,30
105,30
121,43
1,10
30,60
25150.3,23
2853.21,30
2,10
610,30
106,49
1,30
101,31
20,60
7090,31
0,60
2287,90
2078,30
5,30
4811,20
0,30
681.13,27
300,30
2245,60
0,30
590,30
343,55
1630,12
7219,12
2705.17,30
1004,30
126,31
10000,60
58290,30
0,30
0,30
1260,20
1201,20
7580,30
0,60
26,45
3248,40
1000,46
10961.42,30
50,30
30,30
672,30
26,28
4140,45
3185.21,30
1260,40
6641,35
4250,21
271,25
448,31
191422.49,30
6374,22
0,40
0,32
10,25
0,31
200,44
22459,33
190,22
8455,60
100,45
267,30
117,40
1202,18
0,60
1561,30
5,30
120,45
152,15
241,30
4108,30
185,15
2565,30
13312.09,25
2882,88
504,30
3100,10
3719,30
1885,30
150,26
1,30
575,30
0,30
5447,30
3475,40
2116,30
500,62
0,54
3903,33
9225.77,21
638471.96,30
620,30
4075,34
5477,33
295,45
5275,30
978,30
11961,19
182,33
235,25
10755,40
25,66
20,30
2100,60
100,60
110,45
19883.45,60
2260,30
305,30
227,33
30550,32
1,31
0,34
0,48
146259,45
14337.02,30
3053,36
168,21
0,30
210,60
64799.6,21
0,30
766,45
171,15
20376,60
4225,30
0,29
1295,30
47695,30
25,90
157,30
0,60
5095,69
3317,35
21225,34
8030,28
45,15
7986,30
0,10
260,31
86,21
330,31
207,30
20,40
425,30
10515,30
3730,37
2635,46
8269,30
551,27
736,47
0,7
4486,30
10398,60
1869,27
1820,10
1121,59
12757,60
11,60
272.48,30
87407.78,71
266,7
10,45
1000,42
1,30
1085,10
43041,34
60277.02,31
64446.55,30
90,60
31,27
22,60
0,19
35,30
661,30
6633,26
1002,45
5099.66,32
0,30
0,10
31,20
0,30
40071.38,42
9038,60
210,60
85,60
7,30
0,27
500,30
0,35
426,60
3861,32
2356.01,30
385,21
2185,30
2730,28
6111,27
0,59
10470,18
25238.97,26
80,30
150,30
171,30
17292,23
185,60
2610,60
11,30
1,33
34288,37
60,18
8042.35,60
444.34,45
42945.35,40
2,60
10770,45
1106,30
33144,30
40,30
1050,19
27678,30
315,30
320,30
204,30
965,60
0,31
4776,48
81981,31
2726,34
2148,15
393,26
2749.88,90
140,30
16,30
5,30
200,30
4483,30
110,30
16,40
7293,16
0,40
10297,36
149681,30
5000,57
400,60
15,26
630,30
45,30
3781,45
270,90
20309,15
3490,14
7785,45
4365,32
1242,59
386,60
5105,30
18495,32
15,30
182,30
5612.99,30
745,51
4479,30
41586,30
10587,21
0,30
7583,45
9881,40
0,30
9775,30
21308.69,30
7689,33
156,33
200,30
100,30
0,30
526,35
0,30
108,60
107,15
1717,30
0,30
1763.32,35
80,30
1520,30
11492,60
4678.24,8
2551,41
1237,49
0,60
4535,85
1,30
2515.77,60
370,5
1085,55
11575,42
14692,30
25467.57,60
2708,90
6815,30
166,30
170,52
870,30
1,42
730,35
2100,30
12090.5,31
1,61
110,45
0,30
58,30
1,30
443,38
1015,31
50,30
0,30
0,30
2125,30
0,20
83,34
4551.22,35
320890,30
1926,81
5247,40
517,30
577,45
4910,15
2636,30
3002,20
2105,32
17642,30
4213,60
3505,19
616,30
1048,30
131,15
44182.2,30
12031,24
25909.66,33
21,45
8307,30
0,30
6970,31
2125,45
1100,21
1345,30
6473,35
10240,30
219188.21,30
0,30
3656,30
10,60
4913.12,57
0,30
100,30
206,45
107,60
30,45
651,45
5315,30
100,30
1500,30
7645,30
0,30
0,20
50,21
301,30
0,60
3258,18
10635,30
990,30
360,60
7805,60
0,58
58137.12,27
200,30
1852,38
591,60
6500,33
51162,30
155,45
0,60
5311,25
3211,26
124,30
802,30
912,60
85,32
906,31
20,20
35,30
4803,28
0,30
35,37
11,30
913,30
5290,30
0,14
21776.36,30
5,42
16345.11,30
266,30
255,45
302,20
10243,32
621,40
1523,30
2236,49
742,30
18893,30
12,30
587,15
0,60
135,30
785,60
6050,30
3425,29
1,30
2865,30
70853.29,30
285,7
52660,30
6329,32
3747,27
0,90
3905,30
1000,45
0,30
25,37
0,60
50,28
0,30
2365,60
550,30
3562.08,30
390,30
55059,34
4542,60
420,24
3178.5,27
120,60
50,45
4580,60
1980,31
1835,22
1101,39
292,8
0,23
36982,45
8145,30
1053,30
165,30
185,30
0,30
1372,45
1,60
1075,39
345,32
0,30
57,3
3476,45
35,61
5743,35
0,30
37403,40
50,23
5,30
485,40
2196,21
60,30
1505,15
40,30
0,30
1631,47
260235.9,40
60,70
14060,60
486,24
0,33
1130,30
2653,29
9485,45
155,18
50,45
0,36
0,3
0,30
5022,30
10096,30
44805,32
0,59
44,45
20.01,30
2000,40
36652.1,30
9954,44
30134,34
500,89
6100,28
0,6
36,60
14108,30
36980.87,34
92029,35
23307,37
4437,53
252,30
0,30
100,60
10,60
0,30
4572,30
1104,30
51,60
5079,30
3826,30
0,57
4285,30
200,34
351,27
19112,30
6600,30
1,30
5,30
0,24
8036.67,21
9637,36
1142,30
1467,30
100,14
110,60
25006,32
81,60
66,30
50,30
1830,90
1181,30
391,46
46885,30
100,25
0,20
28170,41
450,30
0,17
4121,30
7045,30
25,60
845,32
1810,16
152,33
21421.23,30
2345,45
2314,30
900,35
148,11
220,30
8612,30
448,30
5415.08,60
3453.69,30
50,60
725,31
50,60
215,29
30555,29
560,33
605,30
0,30
6096,31
19589.05,34
20,60
5,60
901.66,59
5001.11,21
5904,30
6666,30
1790,30
0,12
16179,30
742,30
10565,30
0,30
0,20
7,60
26,45
13951,31
800,45
116,32
2810,25
271,46
0,37
0,30
5,30
3164,29
72360.23,60
8050,30
100,60
294,28
0,30
0,30
12435,30
0,14
331938.54,45
0,17
10,30
0,30
0,5
61,46
75,38
10176,23
1,60
2013,30
20,45
5300,31
5943,45
250,15
46266.2,29
10610,29
51544,29
42751,30
819,40
755,30
256,30
0,60
1135.02,30
30608.59,31
1835,30
100,30
100,45
324,30
1034,20
22902.11,30
530,45
346,13
14222,30
922,60
533,60
70,30
50,30
0,45
3644,30
995,30
0,45
2180,30
23517.8,30
0,32
0,45
8059,36
0,31
673.01,16
0,31
1,29
1,60
30,30
26,30
11,30
10985,45
52406,30
1143,30
633,33
3881,31
50,30
3590,81
3516,35
110,35
3542,51
0,30
5802,45
620,30
7300.25,60
0,30
20,30
53054,45
0,27
1,55
500,55
14599,30
46.75,45
6805.19,30
5015,30
0,60
38,40
85,40
5001,36
0,30
5671.01,30
11460,35
16246.01,35
806,30
190,60
161,31
0,30
3640,21
236,32
12214.3,45
135,30
0,60
331,30
685,21
12650,14
0,30
1218,27
142,45
2655,50
526,30
1,21
1249,30
6293,31
25,30
3,6
3749.23,42
45,30
816,30
883,30
677,18
1704,30
10066,32
54311,30
125,30
1890,32
261.29,30
39025,30
145,31
0,30
70,30
9826,60
0,30
951,91
3452,30
0,60
5181,30
2,60
17242.79,44
20270,30
445,30
3005,45
2076,40
295,45
1525,30
7222.15,40
25,30
270,31
1,30
295,14
103.65,60
121,60
9000.37,30
13086,30
0,60
0,83
10060,30
15,30
2932,45
2540,30
0,30
0,30
5,30
12605,60
5335,30
10,10
8468,30
1,30
104902,36
10465,33
16487,60
140,9
5046,30
11015,14
41,54
11149,31
1,30
0,40
5338,30
107,30
1083,60
120,30
750,14
30,30
1,30
32196,30
255,30
14,60
50,60
25,30
55,30
639,25
1331,41
61,31
0,60
201,40
1073,30
1000,25
375,30
0,11
755,30
85,6
530,30
0,30
18537,30
3389,29
7712,30
6121,30
0,30
3108,30
60,30
1991,20
345,45
1807,45
63335,30
14648,30
2,60
965,30
3105,31
520,42
0,30
290,14
60,30
1841,30
160,60
86,35
238,30
1390,31
10,60
0,30
191,26
56,20
8001,30
1,30
0,30
524,45
565,57
2556,30
0,30
2085,30
553,30
12869,30
0,60
525,30
0,31
186,30
1015,29
785,31
7772,35
5164,30
0,36
290,90
77664,25
131,30
500,60
0,30
0,30
2045,21
0,30
0,15
260,30
85,60
6503,30
3712,29
27071.21,30
6584,25
25,30
25,24
463,30
34317,30
2822,45
0,30
50,24
50,30
1737.23,45
2898,30
95,21
100,35
0,30
1045,24
0,55
6000,16
1773,11
1265,37
1565.01,15
800,30
9543,34
322,33
17398,30
263,30
205,30
6678,30
176,42
1155,37
30,45
1579,19
0,15
484,30
1805,28
260,40
10,36
66610,45
1900.02,49
55,30
3174,30
96853,31
17143,30
6193,45
415,16
10552.51,30
1536,30
55,20
600,33
110,31
218,31
0,46
4120,30
6,45
5054.56,30
1046.27,29
10250,30
5280,30
2216,40
0,25
4553,26
1795,32
2615,30
10141.12,21
28,30
13365,30
5710,13
16576,60
107621,30
3832,30
247,60
5009.36,40
13254,37
10013,25
190,30
5,30
5695.71,56
9077,30
3631,30
25,45
9234,20
188,45
1322,30
339,30
210,30
0,30
0,15
15326.01,30
240,30
1545,62
35,60
15412,30
8419,35
25147,45
8669,30
0,13
0,30
3180,30
1015,30
721,7
0,48
0,60
13540,31
6,10
1550,20
6,8
0,30
0,30
550,7
867,45
1293,30
1879,30
16341,35
254,30
400,30
1342,30
119988,30
4075,29
1830,35
7166,31
1346,30
70,53
1,30
2342,45
2697.12,16
0,15
1,60
19430,60
381,30
3019,30
250,30
100,30
550,30
75232.5,30
12423,35
50,30
2150,30
25434.89,30
301,30
14485,30
0,30
17048,30
420,30
3180,30
574.66,30
32,30
19495,32
1510,30
0,45
4280,29
444,30
91,50
134387,50
3040,21
3310,20
7667,33
35249,30
18305,32
57,25
6596.25,60
46549,31
0,31
11505,31
172,30
122876,45
8942,30
651,16
1795,45
25574,30
0,30
0,28
1,30
0,29
0,30
25,30
21223,29
75,60
41845.88,44
761,60
775,30
0,30
0,31
0,60
252311,45
101,30
3585.01,35
13274,14
13589,45
0,25
0,30
660,60
150,30
1155,30
12960,30
12259,30
50,60
5056,29
0,31
26,30
2274,23
87,25
19,30
1000,45
0,60
256125.76,60
1,30
362,30
218,30
40,30
2250,30
84,29
965,30
3595,30
155,30
150,30
1,30
5185,30
1991,60
8001,21
100,30
10772,30
15,60
0,30
1010,19
21507.47,40
0,36
312.75,35
1504,30
0,30
386,33
12193.08,30
2330,23
351,30
0,30
61879,30
5100,30
155,30
0,30
0,30
7,30
1279,48
481,31
1,30
501,30
5881.69,20
1200,60
0,30
0,60
4255,31
3271,60
0,29
60,30
1063.82,30
1,30
2030,13
9101,35
5215,60
0,30
1,30
280,30
401,40
0,30
2266,36
1419,31
6150,30
855,40
0,30
8000,58
4570,30
257,30
440,30
1673.5,30
1,60
76,60
2597.68,91
1570,30
4920,25
25,57
406,41
5020,47
0,35
50,60
1270,45
12993,23
38789,29
0,30
881,30
20,30
6,21
12685,28
0,30
715,45
300,30
1,14
297,35
85,60
3625,15
3218,30
10127,30
0,30
3725,47
0,30
1,60
0,30
6230.23,28
875,28
410,47
37309,45
2037.19,30
96889,36
0,35
4300,32
385,45
0,7
320,30
6837,30
1405,30
10,30
70,30
57,30
25945,30
0,30
14088,60
510,30
662,21
0,60
0,30
1,30
15495,30
195,30
1197,30
0,45
1760,51
37,30
0,30
2803,30
7789,30
70,45
2660,15
3050,60
21,30
4371.67,21
0,30
4575,30
47.77,30
346,59
15,30
3010,30
7482,30
521,30
0,30
18340,45
2285,30
0,30
2554,45
0,30
0,30
103,30
20455,30
5163,23
0,30
69362,38
35,60
116,29
0,17
157,60
100,60
17017.1,31
1579,35
50247.31,34
3115,43
78,30
13.37,36
7681,30
1,45
1050.01,30
4005,35
2785,30
125,60
3296,30
28525.41,45
3332,30
0,30
296,30
0,60
6500,39
503,30
1238,25
1250,15
8539,30
17382.37,35
30,17
360,30
1866,30
504,23
32822,30
1,25
502,38
7425,45
459,30
25,60
22,59
0,56
3130,30
15,30
0,28
2120,48
2912,45
1127,30
630,33
2641,10
32.69,30
50,84
75,30
3333.23,46
119458.84,46
5786,30
15400,30
21215,45
131,30
2988,30
57689,30
3476,30
2991,15
405,60
36,30
5370,31
3245,30
1,35
42374,29
866,30
146,45
489,28
1585,60
10786,30
1300,30
16125,30
0,91
650,41
0,31
1670,60
6027,30
354,32
5075,30
21549,32
1500,90
5,30
215,31
700,36
4050,14
693,30
0,30
2000,60
100,30
3510,60
7761,30
991,29
0,60
0,18
10100,21
5861,37
4568.72,30
10,30
50,30
17614.24,30
433,30
150,60
117134.72,30
346540,46
4243,28
200,30
20,60
151,60
638,30
1025,31
0,30
3905,21
6355,30
595,60
10,30
30,7
35,22
6279.12,30
746,30
0,30
112,15
5,30
56500.98,23
5760,39
246,60
20732.2,30
2975,60
1040.77,25
1310,30
1,30
0,56
18114,60
1600,34
2433,15
0,20
135,30
491,60
251,30
380,30
381,30
460,30
0,30
0,30
30,30
3658,30
4992,30
33799,33
3125,33
806,34
0,30
1035,28
1811,30
10772,32
521,30
3189,30
8220,30
91,60
301,30
5616,30
980,45
6,30
2382,30
4440,28
12231,31
3536,23
500,30
1859,71
0,30
1879,30
860,30
589,30
370,45
71025.27,57
10200,30
1.18,30
50,30
2043,30
5257,41
7834,30
10,30
1150,14
1115,58
30,24
0,30
5495,30
7146,45
5500,30
0,35
4268,16
0,34
13485,30
4202,60
33,40
13747,30
912,10
88226,37
485,40
985,60
1807,30
2600,30
30150,47
115,26
1010,45
15115,29
146,34
110,30
206,30
761,36
0,53
50,30
4189,35
51,30
143,60
500,30
0,33
3717,54
230435,40
2475,42
85667,30
7017,30
243945.43,44
7766.11,30
2924.55,34
1006,30
95,30
2820,48
27,60
7066,30
760,30
28,37
8821.77,30
124998,45
478,45
2650,30
15,60
14722.44,31
10109,40
646,30
42,30
17064,20
588,21
951,30
0,60
123,35
49,7
15,21
10022,30
765,14
9472,49
71,18
2379,60
343,22
2508,30
0,15
1982,24
62,21
12014,30
11501,33
2010,20
223192,33
5680,30
10,30
225,30
0,28
10,30
755,30
11,60
7569,31
250,36
297,50
15,30
66521,50
125,30
0,33
3889,29
1952,60
2200,14
855,30
325,30
5163,30
530,54
100,59
0,33
90,30
5270,30
2141,25
65,36
0,30
0,30
20,30
21005,9
875,35
7762,33
15474,30
30,60
71625,31
16741,30
704,29
3727.55,31
21,30
7865,30
709,32
2655,21
123,9
2240,41
12000,22
1333,30
1655,32
1453,63
0,30
235,14
711,33
6250.55,30
1,30
655,30
865,45
20975,40
329,30
0,30
211,31
2797,30
3237,30
82,60
5318,24
0,45
7311,40
100,60
7712,27
1595,38
0,21
1771,30
6552,21
6619.62,34
1,60
0,30
21125,30
1692.05,31
10,30
4086,30
1280,30
281,30
30,21
81,59
24558,60
10680,60
1030,30
0,40
575,30
108,30
5920,30
19086,45
25532,30
2976,30
36096,60
32869.66,30
675,32
100,30
35650,26
0,45
30201.66,37
2767,77
25,30
110,30
0,30
1,41
90,30
1265,57
27468.42,26
13485,8
1528,30
95,30
762.8,30
1010,30
1040,30
15415.1,24
7060,33
15327,21
539,30
0,30
90,23
1400,45
0,30
1550,31
5928,39
4726,30
178,30
0,30
3500.56,29
1905,30
759,39
180,30
10,30
2062,40
0,10
44,37
22099,30
35,15
31666,32
24100.21,40
1390,49
13442.01,18
50,30
25,43
300,47
200,28
1075,16
6800,31
0,30
2,33
30,30
3615,30
0,40
430,30
1356,45
2060,30
4435,30
210,30
326109,32
10036,21
0,90
235,45
108362,31
5,60
7105.13,21
169,30
1305,56
59763.81,30
987,30
27904.5,30
263852.4,36
1370,46
4528,29
357,7
182,60
8098,30
1343,32
0,23
11,31
410,20
60,30
7027,29
1995,30
161943.83,30
1774,30
1804,45
400,79
4741.5,31
2030,29
40,30
0,34
0,30
200,35
0,30
10,28
1190,30
20768,30
450,31
8,25
9637,30
2080,60
0,60
1105,60
1,60
1118,22
83512.1,42
71,30
88,30
20040.37,30
658,30
4075,40
1175,30
124,30
25,30
0,30
0,30
37935,30
0,30
150,23
160,40
179,45
1044,33
5046,14
3734.66,21
0,30
2160,30
0,40
75,45
1800,30
10104.77,30
141,30
380,45
225,30
440,29
902,30
3550,45
0,42
1545,30
0,60
2675,30
0,33
0,30
233,35
15,91
0,60
2300,30
0,29
28,30
3000,14
1100,45
5261,81
665,31
7010,32
40,30
3810,26
1585,45
0,30
2966,30
1,60
73918,30
0,30
759,30
100,31
4026,30
1536,30
605,33
7100,60
15,21
3828,35
4590,40
0,25
6479.5,30
0,30
0,50
4000,60
0,30
21528,30
35319.9,90
1290,30
75,35
80,42
32000,60
55205,44
89,30
402,30
26923,30
0,30
1,30
804,30
71,30
330,20
11260,16
3896.5,47
150,30
0,21
121,30
0,45
18294,23
199549,30
5110,60
10068,32
1,30
23835,29
2696,45
9001,33
335.11,30
33913,38
2000,30
53,60
35,60
0,30
750,30
430,30
373,60
18230.52,30
1237,31
26,60
35,50
23.23,30
975,30
70,31
1078,30
3220,30
0,30
270,60
625,16
0,49
1094,35
63,31
2731,30
51,30
6578,30
10,30
56505,31
738,35
20,30
55,30
1821,29
7135,30
11640,26
11112,30
2415,30
5170.03,90
4478,30
3835.63,20
0,46
0,30
2685.69,46
2100,60
2230,18
240,5
1,24
